symbol,year,period,file_name,file_url
ADMF.JK,2024,tw2,FinancialStatement-2024-II-ADMF.xlsx,/Portals/0/StaticData/ListedCompanies/Corporate_Actions/New_Info_JSX/Jenis_Informasi/01_Laporan_Keuangan/02_Soft_Copy_Laporan_Keuangan//Laporan Keuangan Tahun 2024/TW2/ADMF/FinancialStatement-2024-II-ADMF.xlsx
ADMF.JK,2024,tw3,FinancialStatement-2024-III-ADMF.xlsx,/Portals/0/StaticData/ListedCompanies/Corporate_Actions/New_Info_JSX/Jenis_Informasi/01_Laporan_Keuangan/02_Soft_Copy_Laporan_Keuangan//Laporan Keuangan Tahun 2024/TW3/ADMF/FinancialStatement-2024-III-ADMF.xlsx
MDLN.JK,2024,tw1,FinancialStatement-2024-I-MDLN.xlsx,/Portals/0/StaticData/ListedCompanies/Corporate_Actions/New_Info_JSX/Jenis_Informasi/01_Laporan_Keuangan/02_Soft_Copy_Laporan_Keuangan//Laporan Keuangan Tahun 2024/TW1/MDLN/FinancialStatement-2024-I-MDLN.xlsx
MDLN.JK,2024,tw2,FinancialStatement-2024-II-MDLN.xlsx,/Portals/0/StaticData/ListedCompanies/Corporate_Actions/New_Info_JSX/Jenis_Informasi/01_Laporan_Keuangan/02_Soft_Copy_Laporan_Keuangan//Laporan Keuangan Tahun 2024/TW2/MDLN/FinancialStatement-2024-II-MDLN.xlsx
MDLN.JK,2024,tw3,FinancialStatement-2024-III-MDLN.xlsx,/Portals/0/StaticData/ListedCompanies/Corporate_Actions/New_Info_JSX/Jenis_Informasi/01_Laporan_Keuangan/02_Soft_Copy_Laporan_Keuangan//Laporan Keuangan Tahun 2024/TW3/MDLN/FinancialStatement-2024-III-MDLN.xlsx
SMAR.JK,2024,tw1,FinancialStatement-2024-I-SMAR.xlsx,/Portals/0/StaticData/ListedCompanies/Corporate_Actions/New_Info_JSX/Jenis_Informasi/01_Laporan_Keuangan/02_Soft_Copy_Laporan_Keuangan//Laporan Keuangan Tahun 2024/TW1/SMAR/FinancialStatement-2024-I-SMAR.xlsx
SMAR.JK,2024,tw2,FinancialStatement-2024-II-SMAR.xlsx,/Portals/0/StaticData/ListedCompanies/Corporate_Actions/New_Info_JSX/Jenis_Informasi/01_Laporan_Keuangan/02_Soft_Copy_Laporan_Keuangan//Laporan Keuangan Tahun 2024/TW2/SMAR/FinancialStatement-2024-II-SMAR.xlsx
ADMR.JK,2024,tw1,FinancialStatement-2024-I-ADMR.xlsx,/Portals/0/StaticData/ListedCompanies/Corporate_Actions/New_Info_JSX/Jenis_Informasi/01_Laporan_Keuangan/02_Soft_Copy_Laporan_Keuangan//Laporan Keuangan Tahun 2024/TW1/ADMR/FinancialStatement-2024-I-ADMR.xlsx
ADMR.JK,2024,tw2,FinancialStatement-2024-II-ADMR.xlsx,/Portals/0/StaticData/ListedCompanies/Corporate_Actions/New_Info_JSX/Jenis_Informasi/01_Laporan_Keuangan/02_Soft_Copy_Laporan_Keuangan//Laporan Keuangan Tahun 2024/TW2/ADMR/FinancialStatement-2024-II-ADMR.xlsx
ADMR.JK,2024,tw3,FinancialStatement-2024-III-ADMR.xlsx,/Portals/0/StaticData/ListedCompanies/Corporate_Actions/New_Info_JSX/Jenis_Informasi/01_Laporan_Keuangan/02_Soft_Copy_Laporan_Keuangan//Laporan Keuangan Tahun 2024/TW3/ADMR/FinancialStatement-2024-III-ADMR.xlsx
BBTN.JK,2024,tw2,FinancialStatement-2024-II-BBTN.xlsx,/Portals/0/StaticData/ListedCompanies/Corporate_Actions/New_Info_JSX/Jenis_Informasi/01_Laporan_Keuangan/02_Soft_Copy_Laporan_Keuangan//Laporan Keuangan Tahun 2024/TW2/BBTN/FinancialStatement-2024-II-BBTN.xlsx
BBTN.JK,2024,tw3,FinancialStatement-2024-III-BBTN.xlsx,/Portals/0/StaticData/ListedCompanies/Corporate_Actions/New_Info_JSX/Jenis_Informasi/01_Laporan_Keuangan/02_Soft_Copy_Laporan_Keuangan//Laporan Keuangan Tahun 2024/TW3/BBTN/FinancialStatement-2024-III-BBTN.xlsx
DIGI.JK,2024,tw2,FinancialStatement-2024-II-DIGI.xlsx,/Portals/0/StaticData/ListedCompanies/Corporate_Actions/New_Info_JSX/Jenis_Informasi/01_Laporan_Keuangan/02_Soft_Copy_Laporan_Keuangan//Laporan Keuangan Tahun 2024/TW2/DIGI/FinancialStatement-2024-II-DIGI.xlsx
DIGI.JK,2024,tw3,FinancialStatement-2024-III-DIGI.xlsx,/Portals/0/StaticData/ListedCompanies/Corporate_Actions/New_Info_JSX/Jenis_Informasi/01_Laporan_Keuangan/02_Soft_Copy_Laporan_Keuangan//Laporan Keuangan Tahun 2024/TW3/DIGI/FinancialStatement-2024-III-DIGI.xlsx
ICBP.JK,2024,tw1,FinancialStatement-2024-I-ICBP.xlsx,/Portals/0/StaticData/ListedCompanies/Corporate_Actions/New_Info_JSX/Jenis_Informasi/01_Laporan_Keuangan/02_Soft_Copy_Laporan_Keuangan//Laporan Keuangan Tahun 2024/TW1/ICBP/FinancialStatement-2024-I-ICBP.xlsx
ICBP.JK,2024,tw2,FinancialStatement-2024-II-ICBP.xlsx,/Portals/0/StaticData/ListedCompanies/Corporate_Actions/New_Info_JSX/Jenis_Informasi/01_Laporan_Keuangan/02_Soft_Copy_Laporan_Keuangan//Laporan Keuangan Tahun 2024/TW2/ICBP/FinancialStatement-2024-II-ICBP.xlsx
ICBP.JK,2024,tw3,FinancialStatement-2024-III-ICBP.xlsx,/Portals/0/StaticData/ListedCompanies/Corporate_Actions/New_Info_JSX/Jenis_Informasi/01_Laporan_Keuangan/02_Soft_Copy_Laporan_Keuangan//Laporan Keuangan Tahun 2024/TW3/ICBP/FinancialStatement-2024-III-ICBP.xlsx
ROCK.JK,2024,tw1,FinancialStatement-2024-I-ROCK.xlsx,/Portals/0/StaticData/ListedCompanies/Corporate_Actions/New_Info_JSX/Jenis_Informasi/01_Laporan_Keuangan/02_Soft_Copy_Laporan_Keuangan//Laporan Keuangan Tahun 2024/TW1/ROCK/FinancialStatement-2024-I-ROCK.xlsx
ROCK.JK,2024,tw2,FinancialStatement-2024-II-ROCK.xlsx,/Portals/0/StaticData/ListedCompanies/Corporate_Actions/New_Info_JSX/Jenis_Informasi/01_Laporan_Keuangan/02_Soft_Copy_Laporan_Keuangan//Laporan Keuangan Tahun 2024/TW2/ROCK/FinancialStatement-2024-II-ROCK.xlsx
ROCK.JK,2024,tw3,FinancialStatement-2024-III-ROCK.xlsx,/Portals/0/StaticData/ListedCompanies/Corporate_Actions/New_Info_JSX/Jenis_Informasi/01_Laporan_Keuangan/02_Soft_Copy_Laporan_Keuangan//Laporan Keuangan Tahun 2024/TW3/ROCK/FinancialStatement-2024-III-ROCK.xlsx
TNCA.JK,2024,tw1,FinancialStatement-2024-I-TNCA.xlsx,/Portals/0/StaticData/ListedCompanies/Corporate_Actions/New_Info_JSX/Jenis_Informasi/01_Laporan_Keuangan/02_Soft_Copy_Laporan_Keuangan//Laporan Keuangan Tahun 2024/TW1/TNCA/FinancialStatement-2024-I-TNCA.xlsx
TNCA.JK,2024,tw2,FinancialStatement-2024-II-TNCA.xlsx,/Portals/0/StaticData/ListedCompanies/Corporate_Actions/New_Info_JSX/Jenis_Informasi/01_Laporan_Keuangan/02_Soft_Copy_Laporan_Keuangan//Laporan Keuangan Tahun 2024/TW2/TNCA/FinancialStatement-2024-II-TNCA.xlsx
TNCA.JK,2024,tw3,FinancialStatement-2024-III-TNCA.xlsx,/Portals/0/StaticData/ListedCompanies/Corporate_Actions/New_Info_JSX/Jenis_Informasi/01_Laporan_Keuangan/02_Soft_Copy_Laporan_Keuangan//Laporan Keuangan Tahun 2024/TW3/TNCA/FinancialStatement-2024-III-TNCA.xlsx
MREI.JK,2024,tw1,FinancialStatement-2024-I-MREI.xlsx,/Portals/0/StaticData/ListedCompanies/Corporate_Actions/New_Info_JSX/Jenis_Informasi/01_Laporan_Keuangan/02_Soft_Copy_Laporan_Keuangan//Laporan Keuangan Tahun 2024/TW1/MREI/FinancialStatement-2024-I-MREI.xlsx
MREI.JK,2024,tw2,FinancialStatement-2024-II-MREI.xlsx,/Portals/0/StaticData/ListedCompanies/Corporate_Actions/New_Info_JSX/Jenis_Informasi/01_Laporan_Keuangan/02_Soft_Copy_Laporan_Keuangan//Laporan Keuangan Tahun 2024/TW2/MREI/FinancialStatement-2024-II-MREI.xlsx
MREI.JK,2024,tw3,FinancialStatement-2024-III-MREI.xlsx,/Portals/0/StaticData/ListedCompanies/Corporate_Actions/New_Info_JSX/Jenis_Informasi/01_Laporan_Keuangan/02_Soft_Copy_Laporan_Keuangan//Laporan Keuangan Tahun 2024/TW3/MREI/FinancialStatement-2024-III-MREI.xlsx
INDX.JK,2024,tw1,FinancialStatement-2024-I-INDX.xlsx,/Portals/0/StaticData/ListedCompanies/Corporate_Actions/New_Info_JSX/Jenis_Informasi/01_Laporan_Keuangan/02_Soft_Copy_Laporan_Keuangan//Laporan Keuangan Tahun 2024/TW1/INDX/FinancialStatement-2024-I-INDX.xlsx
INDX.JK,2024,tw2,FinancialStatement-2024-II-INDX.xlsx,/Portals/0/StaticData/ListedCompanies/Corporate_Actions/New_Info_JSX/Jenis_Informasi/01_Laporan_Keuangan/02_Soft_Copy_Laporan_Keuangan//Laporan Keuangan Tahun 2024/TW2/INDX/FinancialStatement-2024-II-INDX.xlsx
INDX.JK,2024,tw3,FinancialStatement-2024-III-INDX.xlsx,/Portals/0/StaticData/ListedCompanies/Corporate_Actions/New_Info_JSX/Jenis_Informasi/01_Laporan_Keuangan/02_Soft_Copy_Laporan_Keuangan//Laporan Keuangan Tahun 2024/TW3/INDX/FinancialStatement-2024-III-INDX.xlsx
PACK.JK,2024,tw2,FinancialStatement-2024-II-PACK.xlsx,/Portals/0/StaticData/ListedCompanies/Corporate_Actions/New_Info_JSX/Jenis_Informasi/01_Laporan_Keuangan/02_Soft_Copy_Laporan_Keuangan//Laporan Keuangan Tahun 2024/TW2/PACK/FinancialStatement-2024-II-PACK.xlsx
APEX.JK,2024,tw1,FinancialStatement-2024-I-APEX.xlsx,/Portals/0/StaticData/ListedCompanies/Corporate_Actions/New_Info_JSX/Jenis_Informasi/01_Laporan_Keuangan/02_Soft_Copy_Laporan_Keuangan//Laporan Keuangan Tahun 2024/TW1/APEX/FinancialStatement-2024-I-APEX.xlsx
APEX.JK,2024,tw2,FinancialStatement-2024-II-APEX.xlsx,/Portals/0/StaticData/ListedCompanies/Corporate_Actions/New_Info_JSX/Jenis_Informasi/01_Laporan_Keuangan/02_Soft_Copy_Laporan_Keuangan//Laporan Keuangan Tahun 2024/TW2/APEX/FinancialStatement-2024-II-APEX.xlsx
APEX.JK,2024,tw3,FinancialStatement-2024-III-APEX.xlsx,/Portals/0/StaticData/ListedCompanies/Corporate_Actions/New_Info_JSX/Jenis_Informasi/01_Laporan_Keuangan/02_Soft_Copy_Laporan_Keuangan//Laporan Keuangan Tahun 2024/TW3/APEX/FinancialStatement-2024-III-APEX.xlsx
GMTD.JK,2024,tw1,FinancialStatement-2024-I-GMTD.xlsx,/Portals/0/StaticData/ListedCompanies/Corporate_Actions/New_Info_JSX/Jenis_Informasi/01_Laporan_Keuangan/02_Soft_Copy_Laporan_Keuangan//Laporan Keuangan Tahun 2024/TW1/GMTD/FinancialStatement-2024-I-GMTD.xlsx
GMTD.JK,2024,tw2,FinancialStatement-2024-II-GMTD.xlsx,/Portals/0/StaticData/ListedCompanies/Corporate_Actions/New_Info_JSX/Jenis_Informasi/01_Laporan_Keuangan/02_Soft_Copy_Laporan_Keuangan//Laporan Keuangan Tahun 2024/TW2/GMTD/FinancialStatement-2024-II-GMTD.xlsx
GMTD.JK,2024,tw3,FinancialStatement-2024-III-GMTD.xlsx,/Portals/0/StaticData/ListedCompanies/Corporate_Actions/New_Info_JSX/Jenis_Informasi/01_Laporan_Keuangan/02_Soft_Copy_Laporan_Keuangan//Laporan Keuangan Tahun 2024/TW3/GMTD/FinancialStatement-2024-III-GMTD.xlsx
MTEL.JK,2024,tw2,FinancialStatement-2024-II-MTEL.xlsx,/Portals/0/StaticData/ListedCompanies/Corporate_Actions/New_Info_JSX/Jenis_Informasi/01_Laporan_Keuangan/02_Soft_Copy_Laporan_Keuangan//Laporan Keuangan Tahun 2024/TW2/MTEL/FinancialStatement-2024-II-MTEL.xlsx
MTEL.JK,2024,tw3,FinancialStatement-2024-III-MTEL.xlsx,/Portals/0/StaticData/ListedCompanies/Corporate_Actions/New_Info_JSX/Jenis_Informasi/01_Laporan_Keuangan/02_Soft_Copy_Laporan_Keuangan//Laporan Keuangan Tahun 2024/TW3/MTEL/FinancialStatement-2024-III-MTEL.xlsx
PKPK.JK,2024,tw2,FinancialStatement-2024-II-PKPK.xlsx,/Portals/0/StaticData/ListedCompanies/Corporate_Actions/New_Info_JSX/Jenis_Informasi/01_Laporan_Keuangan/02_Soft_Copy_Laporan_Keuangan//Laporan Keuangan Tahun 2024/TW2/PKPK/FinancialStatement-2024-II-PKPK.xlsx
PKPK.JK,2024,tw3,FinancialStatement-2024-III-PKPK.xlsx,/Portals/0/StaticData/ListedCompanies/Corporate_Actions/New_Info_JSX/Jenis_Informasi/01_Laporan_Keuangan/02_Soft_Copy_Laporan_Keuangan//Laporan Keuangan Tahun 2024/TW3/PKPK/FinancialStatement-2024-III-PKPK.xlsx
GGRM.JK,2024,tw1,FinancialStatement-2024-I-GGRM.xlsx,/Portals/0/StaticData/ListedCompanies/Corporate_Actions/New_Info_JSX/Jenis_Informasi/01_Laporan_Keuangan/02_Soft_Copy_Laporan_Keuangan//Laporan Keuangan Tahun 2024/TW1/GGRM/FinancialStatement-2024-I-GGRM.xlsx
GGRM.JK,2024,tw2,FinancialStatement-2024-II-GGRM.xlsx,/Portals/0/StaticData/ListedCompanies/Corporate_Actions/New_Info_JSX/Jenis_Informasi/01_Laporan_Keuangan/02_Soft_Copy_Laporan_Keuangan//Laporan Keuangan Tahun 2024/TW2/GGRM/FinancialStatement-2024-II-GGRM.xlsx
GGRM.JK,2024,tw3,FinancialStatement-2024-III-GGRM.xlsx,/Portals/0/StaticData/ListedCompanies/Corporate_Actions/New_Info_JSX/Jenis_Informasi/01_Laporan_Keuangan/02_Soft_Copy_Laporan_Keuangan//Laporan Keuangan Tahun 2024/TW3/GGRM/FinancialStatement-2024-III-GGRM.xlsx
HITS.JK,2024,tw1,FinancialStatement-2024-I-HITS.xlsx,/Portals/0/StaticData/ListedCompanies/Corporate_Actions/New_Info_JSX/Jenis_Informasi/01_Laporan_Keuangan/02_Soft_Copy_Laporan_Keuangan//Laporan Keuangan Tahun 2024/TW1/HITS/FinancialStatement-2024-I-HITS.xlsx
HITS.JK,2024,tw2,FinancialStatement-2024-II-HITS.xlsx,/Portals/0/StaticData/ListedCompanies/Corporate_Actions/New_Info_JSX/Jenis_Informasi/01_Laporan_Keuangan/02_Soft_Copy_Laporan_Keuangan//Laporan Keuangan Tahun 2024/TW2/HITS/FinancialStatement-2024-II-HITS.xlsx
HITS.JK,2024,tw3,FinancialStatement-2024-III-HITS.xlsx,/Portals/0/StaticData/ListedCompanies/Corporate_Actions/New_Info_JSX/Jenis_Informasi/01_Laporan_Keuangan/02_Soft_Copy_Laporan_Keuangan//Laporan Keuangan Tahun 2024/TW3/HITS/FinancialStatement-2024-III-HITS.xlsx
HADE.JK,2024,tw2,FinancialStatement-2024-II-HADE.xlsx,/Portals/0/StaticData/ListedCompanies/Corporate_Actions/New_Info_JSX/Jenis_Informasi/01_Laporan_Keuangan/02_Soft_Copy_Laporan_Keuangan//Laporan Keuangan Tahun 2024/TW2/HADE/FinancialStatement-2024-II-HADE.xlsx
HADE.JK,2024,tw3,FinancialStatement-2024-III-HADE.xlsx,/Portals/0/StaticData/ListedCompanies/Corporate_Actions/New_Info_JSX/Jenis_Informasi/01_Laporan_Keuangan/02_Soft_Copy_Laporan_Keuangan//Laporan Keuangan Tahun 2024/TW3/HADE/FinancialStatement-2024-III-HADE.xlsx
RONY.JK,2024,tw1,FinancialStatement-2024-I-RONY.xlsx,/Portals/0/StaticData/ListedCompanies/Corporate_Actions/New_Info_JSX/Jenis_Informasi/01_Laporan_Keuangan/02_Soft_Copy_Laporan_Keuangan//Laporan Keuangan Tahun 2024/TW1/RONY/FinancialStatement-2024-I-RONY.xlsx
RONY.JK,2024,tw2,FinancialStatement-2024-II-RONY.xlsx,/Portals/0/StaticData/ListedCompanies/Corporate_Actions/New_Info_JSX/Jenis_Informasi/01_Laporan_Keuangan/02_Soft_Copy_Laporan_Keuangan//Laporan Keuangan Tahun 2024/TW2/RONY/FinancialStatement-2024-II-RONY.xlsx
RONY.JK,2024,tw3,FinancialStatement-2024-III-RONY.xlsx,/Portals/0/StaticData/ListedCompanies/Corporate_Actions/New_Info_JSX/Jenis_Informasi/01_Laporan_Keuangan/02_Soft_Copy_Laporan_Keuangan//Laporan Keuangan Tahun 2024/TW3/RONY/FinancialStatement-2024-III-RONY.xlsx
INPP.JK,2024,tw1,FinancialStatement-2024-I-INPP.xlsx,/Portals/0/StaticData/ListedCompanies/Corporate_Actions/New_Info_JSX/Jenis_Informasi/01_Laporan_Keuangan/02_Soft_Copy_Laporan_Keuangan//Laporan Keuangan Tahun 2024/TW1/INPP/FinancialStatement-2024-I-INPP.xlsx
INPP.JK,2024,tw2,FinancialStatement-2024-II-INPP.xlsx,/Portals/0/StaticData/ListedCompanies/Corporate_Actions/New_Info_JSX/Jenis_Informasi/01_Laporan_Keuangan/02_Soft_Copy_Laporan_Keuangan//Laporan Keuangan Tahun 2024/TW2/INPP/FinancialStatement-2024-II-INPP.xlsx
INPP.JK,2024,tw3,FinancialStatement-2024-III-INPP.xlsx,/Portals/0/StaticData/ListedCompanies/Corporate_Actions/New_Info_JSX/Jenis_Informasi/01_Laporan_Keuangan/02_Soft_Copy_Laporan_Keuangan//Laporan Keuangan Tahun 2024/TW3/INPP/FinancialStatement-2024-III-INPP.xlsx
RSGK.JK,2024,tw2,FinancialStatement-2024-II-RSGK.xlsx,/Portals/0/StaticData/ListedCompanies/Corporate_Actions/New_Info_JSX/Jenis_Informasi/01_Laporan_Keuangan/02_Soft_Copy_Laporan_Keuangan//Laporan Keuangan Tahun 2024/TW2/RSGK/FinancialStatement-2024-II-RSGK.xlsx
RSGK.JK,2024,tw3,FinancialStatement-2024-III-RSGK.xlsx,/Portals/0/StaticData/ListedCompanies/Corporate_Actions/New_Info_JSX/Jenis_Informasi/01_Laporan_Keuangan/02_Soft_Copy_Laporan_Keuangan//Laporan Keuangan Tahun 2024/TW3/RSGK/FinancialStatement-2024-III-RSGK.xlsx
GHON.JK,2024,tw1,FinancialStatement-2024-I-GHON.xlsx,/Portals/0/StaticData/ListedCompanies/Corporate_Actions/New_Info_JSX/Jenis_Informasi/01_Laporan_Keuangan/02_Soft_Copy_Laporan_Keuangan//Laporan Keuangan Tahun 2024/TW1/GHON/FinancialStatement-2024-I-GHON.xlsx
GHON.JK,2024,tw2,FinancialStatement-2024-II-GHON.xlsx,/Portals/0/StaticData/ListedCompanies/Corporate_Actions/New_Info_JSX/Jenis_Informasi/01_Laporan_Keuangan/02_Soft_Copy_Laporan_Keuangan//Laporan Keuangan Tahun 2024/TW2/GHON/FinancialStatement-2024-II-GHON.xlsx
GHON.JK,2024,tw3,FinancialStatement-2024-III-GHON.xlsx,/Portals/0/StaticData/ListedCompanies/Corporate_Actions/New_Info_JSX/Jenis_Informasi/01_Laporan_Keuangan/02_Soft_Copy_Laporan_Keuangan//Laporan Keuangan Tahun 2024/TW3/GHON/FinancialStatement-2024-III-GHON.xlsx
SAPX.JK,2024,tw1,FinancialStatement-2024-I-SAPX.xlsx,/Portals/0/StaticData/ListedCompanies/Corporate_Actions/New_Info_JSX/Jenis_Informasi/01_Laporan_Keuangan/02_Soft_Copy_Laporan_Keuangan//Laporan Keuangan Tahun 2024/TW1/SAPX/FinancialStatement-2024-I-SAPX.xlsx
SAPX.JK,2024,tw2,FinancialStatement-2024-II-SAPX.xlsx,/Portals/0/StaticData/ListedCompanies/Corporate_Actions/New_Info_JSX/Jenis_Informasi/01_Laporan_Keuangan/02_Soft_Copy_Laporan_Keuangan//Laporan Keuangan Tahun 2024/TW2/SAPX/FinancialStatement-2024-II-SAPX.xlsx
SAPX.JK,2024,tw3,FinancialStatement-2024-III-SAPX.xlsx,/Portals/0/StaticData/ListedCompanies/Corporate_Actions/New_Info_JSX/Jenis_Informasi/01_Laporan_Keuangan/02_Soft_Copy_Laporan_Keuangan//Laporan Keuangan Tahun 2024/TW3/SAPX/FinancialStatement-2024-III-SAPX.xlsx
SSTM.JK,2024,tw1,FinancialStatement-2024-I-SSTM.xlsx,/Portals/0/StaticData/ListedCompanies/Corporate_Actions/New_Info_JSX/Jenis_Informasi/01_Laporan_Keuangan/02_Soft_Copy_Laporan_Keuangan//Laporan Keuangan Tahun 2024/TW1/SSTM/FinancialStatement-2024-I-SSTM.xlsx
SSTM.JK,2024,tw2,FinancialStatement-2024-II-SSTM.xlsx,/Portals/0/StaticData/ListedCompanies/Corporate_Actions/New_Info_JSX/Jenis_Informasi/01_Laporan_Keuangan/02_Soft_Copy_Laporan_Keuangan//Laporan Keuangan Tahun 2024/TW2/SSTM/FinancialStatement-2024-II-SSTM.xlsx
SSTM.JK,2024,tw3,FinancialStatement-2024-III-SSTM.xlsx,/Portals/0/StaticData/ListedCompanies/Corporate_Actions/New_Info_JSX/Jenis_Informasi/01_Laporan_Keuangan/02_Soft_Copy_Laporan_Keuangan//Laporan Keuangan Tahun 2024/TW3/SSTM/FinancialStatement-2024-III-SSTM.xlsx
WIFI.JK,2024,tw1,FinancialStatement-2024-I-WIFI.xlsx,/Portals/0/StaticData/ListedCompanies/Corporate_Actions/New_Info_JSX/Jenis_Informasi/01_Laporan_Keuangan/02_Soft_Copy_Laporan_Keuangan//Laporan Keuangan Tahun 2024/TW1/WIFI/FinancialStatement-2024-I-WIFI.xlsx
WIFI.JK,2024,tw2,FinancialStatement-2024-II-WIFI.xlsx,/Portals/0/StaticData/ListedCompanies/Corporate_Actions/New_Info_JSX/Jenis_Informasi/01_Laporan_Keuangan/02_Soft_Copy_Laporan_Keuangan//Laporan Keuangan Tahun 2024/TW2/WIFI/FinancialStatement-2024-II-WIFI.xlsx
WIFI.JK,2024,tw3,FinancialStatement-2024-III-WIFI.xlsx,/Portals/0/StaticData/ListedCompanies/Corporate_Actions/New_Info_JSX/Jenis_Informasi/01_Laporan_Keuangan/02_Soft_Copy_Laporan_Keuangan//Laporan Keuangan Tahun 2024/TW3/WIFI/FinancialStatement-2024-III-WIFI.xlsx
BABP.JK,2024,tw1,FinancialStatement-2024-I-BABP.xlsx,/Portals/0/StaticData/ListedCompanies/Corporate_Actions/New_Info_JSX/Jenis_Informasi/01_Laporan_Keuangan/02_Soft_Copy_Laporan_Keuangan//Laporan Keuangan Tahun 2024/TW1/BABP/FinancialStatement-2024-I-BABP.xlsx
BABP.JK,2024,tw2,FinancialStatement-2024-II-BABP.xlsx,/Portals/0/StaticData/ListedCompanies/Corporate_Actions/New_Info_JSX/Jenis_Informasi/01_Laporan_Keuangan/02_Soft_Copy_Laporan_Keuangan//Laporan Keuangan Tahun 2024/TW2/BABP/FinancialStatement-2024-II-BABP.xlsx
BABP.JK,2024,tw3,FinancialStatement-2024-III-BABP.xlsx,/Portals/0/StaticData/ListedCompanies/Corporate_Actions/New_Info_JSX/Jenis_Informasi/01_Laporan_Keuangan/02_Soft_Copy_Laporan_Keuangan//Laporan Keuangan Tahun 2024/TW3/BABP/FinancialStatement-2024-III-BABP.xlsx
AMIN.JK,2024,tw1,FinancialStatement-2024-I-AMIN.xlsx,/Portals/0/StaticData/ListedCompanies/Corporate_Actions/New_Info_JSX/Jenis_Informasi/01_Laporan_Keuangan/02_Soft_Copy_Laporan_Keuangan//Laporan Keuangan Tahun 2024/TW1/AMIN/FinancialStatement-2024-I-AMIN.xlsx
AMIN.JK,2024,tw2,FinancialStatement-2024-II-AMIN.xlsx,/Portals/0/StaticData/ListedCompanies/Corporate_Actions/New_Info_JSX/Jenis_Informasi/01_Laporan_Keuangan/02_Soft_Copy_Laporan_Keuangan//Laporan Keuangan Tahun 2024/TW2/AMIN/FinancialStatement-2024-II-AMIN.xlsx
AMIN.JK,2024,tw3,FinancialStatement-2024-III-AMIN.xlsx,/Portals/0/StaticData/ListedCompanies/Corporate_Actions/New_Info_JSX/Jenis_Informasi/01_Laporan_Keuangan/02_Soft_Copy_Laporan_Keuangan//Laporan Keuangan Tahun 2024/TW3/AMIN/FinancialStatement-2024-III-AMIN.xlsx
PORT.JK,2024,tw1,FinancialStatement-2024-I-PORT.xlsx,/Portals/0/StaticData/ListedCompanies/Corporate_Actions/New_Info_JSX/Jenis_Informasi/01_Laporan_Keuangan/02_Soft_Copy_Laporan_Keuangan//Laporan Keuangan Tahun 2024/TW1/PORT/FinancialStatement-2024-I-PORT.xlsx
PORT.JK,2024,tw2,FinancialStatement-2024-II-PORT.xlsx,/Portals/0/StaticData/ListedCompanies/Corporate_Actions/New_Info_JSX/Jenis_Informasi/01_Laporan_Keuangan/02_Soft_Copy_Laporan_Keuangan//Laporan Keuangan Tahun 2024/TW2/PORT/FinancialStatement-2024-II-PORT.xlsx
PORT.JK,2024,tw3,FinancialStatement-2024-III-PORT.xlsx,/Portals/0/StaticData/ListedCompanies/Corporate_Actions/New_Info_JSX/Jenis_Informasi/01_Laporan_Keuangan/02_Soft_Copy_Laporan_Keuangan//Laporan Keuangan Tahun 2024/TW3/PORT/FinancialStatement-2024-III-PORT.xlsx
CPRO.JK,2024,tw1,FinancialStatement-2024-I-CPRO.xlsx,/Portals/0/StaticData/ListedCompanies/Corporate_Actions/New_Info_JSX/Jenis_Informasi/01_Laporan_Keuangan/02_Soft_Copy_Laporan_Keuangan//Laporan Keuangan Tahun 2024/TW1/CPRO/FinancialStatement-2024-I-CPRO.xlsx
CPRO.JK,2024,tw2,FinancialStatement-2024-II-CPRO.xlsx,/Portals/0/StaticData/ListedCompanies/Corporate_Actions/New_Info_JSX/Jenis_Informasi/01_Laporan_Keuangan/02_Soft_Copy_Laporan_Keuangan//Laporan Keuangan Tahun 2024/TW2/CPRO/FinancialStatement-2024-II-CPRO.xlsx
CPRO.JK,2024,tw3,FinancialStatement-2024-III-CPRO.xlsx,/Portals/0/StaticData/ListedCompanies/Corporate_Actions/New_Info_JSX/Jenis_Informasi/01_Laporan_Keuangan/02_Soft_Copy_Laporan_Keuangan//Laporan Keuangan Tahun 2024/TW3/CPRO/FinancialStatement-2024-III-CPRO.xlsx
KRAS.JK,2024,tw1,FinancialStatement-2024-I-KRAS.xlsx,/Portals/0/StaticData/ListedCompanies/Corporate_Actions/New_Info_JSX/Jenis_Informasi/01_Laporan_Keuangan/02_Soft_Copy_Laporan_Keuangan//Laporan Keuangan Tahun 2024/TW1/KRAS/FinancialStatement-2024-I-KRAS.xlsx
KRAS.JK,2024,tw2,FinancialStatement-2024-II-KRAS.xlsx,/Portals/0/StaticData/ListedCompanies/Corporate_Actions/New_Info_JSX/Jenis_Informasi/01_Laporan_Keuangan/02_Soft_Copy_Laporan_Keuangan//Laporan Keuangan Tahun 2024/TW2/KRAS/FinancialStatement-2024-II-KRAS.xlsx
KRAS.JK,2024,tw3,FinancialStatement-2024-III-KRAS.xlsx,/Portals/0/StaticData/ListedCompanies/Corporate_Actions/New_Info_JSX/Jenis_Informasi/01_Laporan_Keuangan/02_Soft_Copy_Laporan_Keuangan//Laporan Keuangan Tahun 2024/TW3/KRAS/FinancialStatement-2024-III-KRAS.xlsx
ABDA.JK,2024,tw1,FinancialStatement-2024-I-ABDA.xlsx,/Portals/0/StaticData/ListedCompanies/Corporate_Actions/New_Info_JSX/Jenis_Informasi/01_Laporan_Keuangan/02_Soft_Copy_Laporan_Keuangan//Laporan Keuangan Tahun 2024/TW1/ABDA/FinancialStatement-2024-I-ABDA.xlsx
ABDA.JK,2024,tw2,FinancialStatement-2024-II-ABDA.xlsx,/Portals/0/StaticData/ListedCompanies/Corporate_Actions/New_Info_JSX/Jenis_Informasi/01_Laporan_Keuangan/02_Soft_Copy_Laporan_Keuangan//Laporan Keuangan Tahun 2024/TW2/ABDA/FinancialStatement-2024-II-ABDA.xlsx
ABDA.JK,2024,tw3,FinancialStatement-2024-III-ABDA.xlsx,/Portals/0/StaticData/ListedCompanies/Corporate_Actions/New_Info_JSX/Jenis_Informasi/01_Laporan_Keuangan/02_Soft_Copy_Laporan_Keuangan//Laporan Keuangan Tahun 2024/TW3/ABDA/FinancialStatement-2024-III-ABDA.xlsx
GTBO.JK,2024,tw1,FinancialStatement-2024-I-GTBO.xlsx,/Portals/0/StaticData/ListedCompanies/Corporate_Actions/New_Info_JSX/Jenis_Informasi/01_Laporan_Keuangan/02_Soft_Copy_Laporan_Keuangan//Laporan Keuangan Tahun 2024/TW1/GTBO/FinancialStatement-2024-I-GTBO.xlsx
GTBO.JK,2024,tw2,FinancialStatement-2024-II-GTBO.xlsx,/Portals/0/StaticData/ListedCompanies/Corporate_Actions/New_Info_JSX/Jenis_Informasi/01_Laporan_Keuangan/02_Soft_Copy_Laporan_Keuangan//Laporan Keuangan Tahun 2024/TW2/GTBO/FinancialStatement-2024-II-GTBO.xlsx
GTBO.JK,2024,tw3,FinancialStatement-2024-III-GTBO.xlsx,/Portals/0/StaticData/ListedCompanies/Corporate_Actions/New_Info_JSX/Jenis_Informasi/01_Laporan_Keuangan/02_Soft_Copy_Laporan_Keuangan//Laporan Keuangan Tahun 2024/TW3/GTBO/FinancialStatement-2024-III-GTBO.xlsx
PEVE.JK,2024,tw1,FinancialStatement-2024-I-PEVE.xlsx,/Portals/0/StaticData/ListedCompanies/Corporate_Actions/New_Info_JSX/Jenis_Informasi/01_Laporan_Keuangan/02_Soft_Copy_Laporan_Keuangan//Laporan Keuangan Tahun 2024/TW1/PEVE/FinancialStatement-2024-I-PEVE.xlsx
PEVE.JK,2024,tw2,FinancialStatement-2024-II-PEVE.xlsx,/Portals/0/StaticData/ListedCompanies/Corporate_Actions/New_Info_JSX/Jenis_Informasi/01_Laporan_Keuangan/02_Soft_Copy_Laporan_Keuangan//Laporan Keuangan Tahun 2024/TW2/PEVE/FinancialStatement-2024-II-PEVE.xlsx
PEVE.JK,2024,tw3,FinancialStatement-2024-III-PEVE.xlsx,/Portals/0/StaticData/ListedCompanies/Corporate_Actions/New_Info_JSX/Jenis_Informasi/01_Laporan_Keuangan/02_Soft_Copy_Laporan_Keuangan//Laporan Keuangan Tahun 2024/TW3/PEVE/FinancialStatement-2024-III-PEVE.xlsx
RGAS.JK,2024,tw1,FinancialStatement-2024-I-RGAS.xlsx,/Portals/0/StaticData/ListedCompanies/Corporate_Actions/New_Info_JSX/Jenis_Informasi/01_Laporan_Keuangan/02_Soft_Copy_Laporan_Keuangan//Laporan Keuangan Tahun 2024/TW1/RGAS/FinancialStatement-2024-I-RGAS.xlsx
RGAS.JK,2024,tw2,FinancialStatement-2024-II-RGAS.xlsx,/Portals/0/StaticData/ListedCompanies/Corporate_Actions/New_Info_JSX/Jenis_Informasi/01_Laporan_Keuangan/02_Soft_Copy_Laporan_Keuangan//Laporan Keuangan Tahun 2024/TW2/RGAS/FinancialStatement-2024-II-RGAS.xlsx
RGAS.JK,2024,tw3,FinancialStatement-2024-III-RGAS.xlsx,/Portals/0/StaticData/ListedCompanies/Corporate_Actions/New_Info_JSX/Jenis_Informasi/01_Laporan_Keuangan/02_Soft_Copy_Laporan_Keuangan//Laporan Keuangan Tahun 2024/TW3/RGAS/FinancialStatement-2024-III-RGAS.xlsx
ACST.JK,2024,tw2,FinancialStatement-2024-II-ACST.xlsx,/Portals/0/StaticData/ListedCompanies/Corporate_Actions/New_Info_JSX/Jenis_Informasi/01_Laporan_Keuangan/02_Soft_Copy_Laporan_Keuangan//Laporan Keuangan Tahun 2024/TW2/ACST/FinancialStatement-2024-II-ACST.xlsx
ACST.JK,2024,tw3,FinancialStatement-2024-III-ACST.xlsx,/Portals/0/StaticData/ListedCompanies/Corporate_Actions/New_Info_JSX/Jenis_Informasi/01_Laporan_Keuangan/02_Soft_Copy_Laporan_Keuangan//Laporan Keuangan Tahun 2024/TW3/ACST/FinancialStatement-2024-III-ACST.xlsx
MDIA.JK,2024,tw1,FinancialStatement-2024-I-MDIA.xlsx,/Portals/0/StaticData/ListedCompanies/Corporate_Actions/New_Info_JSX/Jenis_Informasi/01_Laporan_Keuangan/02_Soft_Copy_Laporan_Keuangan//Laporan Keuangan Tahun 2024/TW1/MDIA/FinancialStatement-2024-I-MDIA.xlsx
MDIA.JK,2024,tw2,FinancialStatement-2024-II-MDIA.xlsx,/Portals/0/StaticData/ListedCompanies/Corporate_Actions/New_Info_JSX/Jenis_Informasi/01_Laporan_Keuangan/02_Soft_Copy_Laporan_Keuangan//Laporan Keuangan Tahun 2024/TW2/MDIA/FinancialStatement-2024-II-MDIA.xlsx
MDIA.JK,2024,tw3,FinancialStatement-2024-III-MDIA.xlsx,/Portals/0/StaticData/ListedCompanies/Corporate_Actions/New_Info_JSX/Jenis_Informasi/01_Laporan_Keuangan/02_Soft_Copy_Laporan_Keuangan//Laporan Keuangan Tahun 2024/TW3/MDIA/FinancialStatement-2024-III-MDIA.xlsx
MCOR.JK,2024,tw1,FinancialStatement-2024-I-MCOR.xlsx,/Portals/0/StaticData/ListedCompanies/Corporate_Actions/New_Info_JSX/Jenis_Informasi/01_Laporan_Keuangan/02_Soft_Copy_Laporan_Keuangan//Laporan Keuangan Tahun 2024/TW1/MCOR/FinancialStatement-2024-I-MCOR.xlsx
MCOR.JK,2024,tw2,FinancialStatement-2024-II-MCOR.xlsx,/Portals/0/StaticData/ListedCompanies/Corporate_Actions/New_Info_JSX/Jenis_Informasi/01_Laporan_Keuangan/02_Soft_Copy_Laporan_Keuangan//Laporan Keuangan Tahun 2024/TW2/MCOR/FinancialStatement-2024-II-MCOR.xlsx
MCOR.JK,2024,tw3,FinancialStatement-2024-III-MCOR.xlsx,/Portals/0/StaticData/ListedCompanies/Corporate_Actions/New_Info_JSX/Jenis_Informasi/01_Laporan_Keuangan/02_Soft_Copy_Laporan_Keuangan//Laporan Keuangan Tahun 2024/TW3/MCOR/FinancialStatement-2024-III-MCOR.xlsx
NTBK.JK,2024,tw1,FinancialStatement-2024-I-NTBK.xlsx,/Portals/0/StaticData/ListedCompanies/Corporate_Actions/New_Info_JSX/Jenis_Informasi/01_Laporan_Keuangan/02_Soft_Copy_Laporan_Keuangan//Laporan Keuangan Tahun 2024/TW1/NTBK/FinancialStatement-2024-I-NTBK.xlsx
NTBK.JK,2024,tw2,FinancialStatement-2024-II-NTBK.xlsx,/Portals/0/StaticData/ListedCompanies/Corporate_Actions/New_Info_JSX/Jenis_Informasi/01_Laporan_Keuangan/02_Soft_Copy_Laporan_Keuangan//Laporan Keuangan Tahun 2024/TW2/NTBK/FinancialStatement-2024-II-NTBK.xlsx
NTBK.JK,2024,tw3,FinancialStatement-2024-III-NTBK.xlsx,/Portals/0/StaticData/ListedCompanies/Corporate_Actions/New_Info_JSX/Jenis_Informasi/01_Laporan_Keuangan/02_Soft_Copy_Laporan_Keuangan//Laporan Keuangan Tahun 2024/TW3/NTBK/FinancialStatement-2024-III-NTBK.xlsx
BMRI.JK,2024,tw1,FinancialStatement-2024-I-BMRI.xlsx,/Portals/0/StaticData/ListedCompanies/Corporate_Actions/New_Info_JSX/Jenis_Informasi/01_Laporan_Keuangan/02_Soft_Copy_Laporan_Keuangan//Laporan Keuangan Tahun 2024/TW1/BMRI/FinancialStatement-2024-I-BMRI.xlsx
BMRI.JK,2024,tw2,FinancialStatement-2024-II-BMRI.xlsx,/Portals/0/StaticData/ListedCompanies/Corporate_Actions/New_Info_JSX/Jenis_Informasi/01_Laporan_Keuangan/02_Soft_Copy_Laporan_Keuangan//Laporan Keuangan Tahun 2024/TW2/BMRI/FinancialStatement-2024-II-BMRI.xlsx
BMRI.JK,2024,tw3,FinancialStatement-2024-III-BMRI.xlsx,/Portals/0/StaticData/ListedCompanies/Corporate_Actions/New_Info_JSX/Jenis_Informasi/01_Laporan_Keuangan/02_Soft_Copy_Laporan_Keuangan//Laporan Keuangan Tahun 2024/TW3/BMRI/FinancialStatement-2024-III-BMRI.xlsx
NIKL.JK,2024,tw2,FinancialStatement-2024-II-NIKL.xlsx,/Portals/0/StaticData/ListedCompanies/Corporate_Actions/New_Info_JSX/Jenis_Informasi/01_Laporan_Keuangan/02_Soft_Copy_Laporan_Keuangan//Laporan Keuangan Tahun 2024/TW2/NIKL/FinancialStatement-2024-II-NIKL.xlsx
NIKL.JK,2024,tw3,FinancialStatement-2024-III-NIKL.xlsx,/Portals/0/StaticData/ListedCompanies/Corporate_Actions/New_Info_JSX/Jenis_Informasi/01_Laporan_Keuangan/02_Soft_Copy_Laporan_Keuangan//Laporan Keuangan Tahun 2024/TW3/NIKL/FinancialStatement-2024-III-NIKL.xlsx
CRAB.JK,2024,tw2,FinancialStatement-2024-II-CRAB.xlsx,/Portals/0/StaticData/ListedCompanies/Corporate_Actions/New_Info_JSX/Jenis_Informasi/01_Laporan_Keuangan/02_Soft_Copy_Laporan_Keuangan//Laporan Keuangan Tahun 2024/TW2/CRAB/FinancialStatement-2024-II-CRAB.xlsx
CRAB.JK,2024,tw3,FinancialStatement-2024-III-CRAB.xlsx,/Portals/0/StaticData/ListedCompanies/Corporate_Actions/New_Info_JSX/Jenis_Informasi/01_Laporan_Keuangan/02_Soft_Copy_Laporan_Keuangan//Laporan Keuangan Tahun 2024/TW3/CRAB/FinancialStatement-2024-III-CRAB.xlsx
CNTX.JK,2024,tw1,FinancialStatement-2024-I-CNTX.xlsx,/Portals/0/StaticData/ListedCompanies/Corporate_Actions/New_Info_JSX/Jenis_Informasi/01_Laporan_Keuangan/02_Soft_Copy_Laporan_Keuangan//Laporan Keuangan Tahun 2024/TW1/CNTX/FinancialStatement-2024-I-CNTX.xlsx
CNTX.JK,2024,tw2,FinancialStatement-2024-II-CNTX.xlsx,/Portals/0/StaticData/ListedCompanies/Corporate_Actions/New_Info_JSX/Jenis_Informasi/01_Laporan_Keuangan/02_Soft_Copy_Laporan_Keuangan//Laporan Keuangan Tahun 2024/TW2/CNTX/FinancialStatement-2024-II-CNTX.xlsx
CNTX.JK,2024,tw3,FinancialStatement-2024-III-CNTX.xlsx,/Portals/0/StaticData/ListedCompanies/Corporate_Actions/New_Info_JSX/Jenis_Informasi/01_Laporan_Keuangan/02_Soft_Copy_Laporan_Keuangan//Laporan Keuangan Tahun 2024/TW3/CNTX/FinancialStatement-2024-III-CNTX.xlsx
AXIO.JK,2024,tw1,FinancialStatement-2024-I-AXIO.xlsx,/Portals/0/StaticData/ListedCompanies/Corporate_Actions/New_Info_JSX/Jenis_Informasi/01_Laporan_Keuangan/02_Soft_Copy_Laporan_Keuangan//Laporan Keuangan Tahun 2024/TW1/AXIO/FinancialStatement-2024-I-AXIO.xlsx
AXIO.JK,2024,tw2,FinancialStatement-2024-II-AXIO.xlsx,/Portals/0/StaticData/ListedCompanies/Corporate_Actions/New_Info_JSX/Jenis_Informasi/01_Laporan_Keuangan/02_Soft_Copy_Laporan_Keuangan//Laporan Keuangan Tahun 2024/TW2/AXIO/FinancialStatement-2024-II-AXIO.xlsx
AXIO.JK,2024,tw3,FinancialStatement-2024-III-AXIO.xlsx,/Portals/0/StaticData/ListedCompanies/Corporate_Actions/New_Info_JSX/Jenis_Informasi/01_Laporan_Keuangan/02_Soft_Copy_Laporan_Keuangan//Laporan Keuangan Tahun 2024/TW3/AXIO/FinancialStatement-2024-III-AXIO.xlsx
PICO.JK,2024,tw1,FinancialStatement-2024-I-PICO.xlsx,/Portals/0/StaticData/ListedCompanies/Corporate_Actions/New_Info_JSX/Jenis_Informasi/01_Laporan_Keuangan/02_Soft_Copy_Laporan_Keuangan//Laporan Keuangan Tahun 2024/TW1/PICO/FinancialStatement-2024-I-PICO.xlsx
PICO.JK,2024,tw2,FinancialStatement-2024-II-PICO.xlsx,/Portals/0/StaticData/ListedCompanies/Corporate_Actions/New_Info_JSX/Jenis_Informasi/01_Laporan_Keuangan/02_Soft_Copy_Laporan_Keuangan//Laporan Keuangan Tahun 2024/TW2/PICO/FinancialStatement-2024-II-PICO.xlsx
PICO.JK,2024,tw3,FinancialStatement-2024-III-PICO.xlsx,/Portals/0/StaticData/ListedCompanies/Corporate_Actions/New_Info_JSX/Jenis_Informasi/01_Laporan_Keuangan/02_Soft_Copy_Laporan_Keuangan//Laporan Keuangan Tahun 2024/TW3/PICO/FinancialStatement-2024-III-PICO.xlsx
POLY.JK,2024,tw2,FinancialStatement-2024-II-POLY.xlsx,/Portals/0/StaticData/ListedCompanies/Corporate_Actions/New_Info_JSX/Jenis_Informasi/01_Laporan_Keuangan/02_Soft_Copy_Laporan_Keuangan//Laporan Keuangan Tahun 2024/TW2/POLY/FinancialStatement-2024-II-POLY.xlsx
POLY.JK,2024,tw3,FinancialStatement-2024-III-POLY.xlsx,/Portals/0/StaticData/ListedCompanies/Corporate_Actions/New_Info_JSX/Jenis_Informasi/01_Laporan_Keuangan/02_Soft_Copy_Laporan_Keuangan//Laporan Keuangan Tahun 2024/TW3/POLY/FinancialStatement-2024-III-POLY.xlsx
UFOE.JK,2024,tw1,FinancialStatement-2024-I-UFOE.xlsx,/Portals/0/StaticData/ListedCompanies/Corporate_Actions/New_Info_JSX/Jenis_Informasi/01_Laporan_Keuangan/02_Soft_Copy_Laporan_Keuangan//Laporan Keuangan Tahun 2024/TW1/UFOE/FinancialStatement-2024-I-UFOE.xlsx
UFOE.JK,2024,tw2,FinancialStatement-2024-II-UFOE.xlsx,/Portals/0/StaticData/ListedCompanies/Corporate_Actions/New_Info_JSX/Jenis_Informasi/01_Laporan_Keuangan/02_Soft_Copy_Laporan_Keuangan//Laporan Keuangan Tahun 2024/TW2/UFOE/FinancialStatement-2024-II-UFOE.xlsx
UFOE.JK,2024,tw3,FinancialStatement-2024-III-UFOE.xlsx,/Portals/0/StaticData/ListedCompanies/Corporate_Actions/New_Info_JSX/Jenis_Informasi/01_Laporan_Keuangan/02_Soft_Copy_Laporan_Keuangan//Laporan Keuangan Tahun 2024/TW3/UFOE/FinancialStatement-2024-III-UFOE.xlsx
SRSN.JK,2024,tw1,FinancialStatement-2024-I-SRSN.xlsx,/Portals/0/StaticData/ListedCompanies/Corporate_Actions/New_Info_JSX/Jenis_Informasi/01_Laporan_Keuangan/02_Soft_Copy_Laporan_Keuangan//Laporan Keuangan Tahun 2024/TW1/SRSN/FinancialStatement-2024-I-SRSN.xlsx
SRSN.JK,2024,tw2,FinancialStatement-2024-II-SRSN.xlsx,/Portals/0/StaticData/ListedCompanies/Corporate_Actions/New_Info_JSX/Jenis_Informasi/01_Laporan_Keuangan/02_Soft_Copy_Laporan_Keuangan//Laporan Keuangan Tahun 2024/TW2/SRSN/FinancialStatement-2024-II-SRSN.xlsx
SRSN.JK,2024,tw3,FinancialStatement-2024-III-SRSN.xlsx,/Portals/0/StaticData/ListedCompanies/Corporate_Actions/New_Info_JSX/Jenis_Informasi/01_Laporan_Keuangan/02_Soft_Copy_Laporan_Keuangan//Laporan Keuangan Tahun 2024/TW3/SRSN/FinancialStatement-2024-III-SRSN.xlsx
