symbol,date,industry_code,balance_sheet_metrics,income_stmt_metrics,cash_flow_metrics
MCOR.JK,2024-03-31,4,"{""gross_loan"": 20516822000000.0, ""allowance_for_loans"": 579383000000.0, ""net_loan"": 21096205000000.0, ""non_loan_asset"": null, ""total_asset"": 29823994000000.0, ""total_earning_assets"": null, ""cash_only"": 267949000000.0, ""total_cash_and_due_from_banks"": 576137000000.0, ""current_account"": 3713905000000.0, ""savings_account"": 1041661000000.0, ""time_deposit"": 16225173000000.0, ""total_deposit"": 20980739000000.0, ""other_interest_bearing_liabilities"": null, ""non_interest_bearing_liabilities"": null, ""total_liabilities"": 23205450000000.0, ""total_equity"": 6618544000000.0, ""total_debt"": null, ""stockholders_equity"": 6618544000000.0, ""non_loan_assets"": 8727789000000.0}","{""interest_income"": 497833000000.0, ""interest_expense"": 252888000000.0, ""net_interest_income"": 750721000000.0, ""premium_income"": null, ""premium_expense"": null, ""net_premium_income"": null, ""non_interest_income"": null, ""total_revenue"": null, ""operating_income"": 91259000000.0, ""operating_expense"": null, ""provision"": 60338000000.0, ""non_operating_income_or_loss"": 3299000000.0, ""pretax_income"": 94322000000.0, ""income_taxes"": -20751000000.0, ""minorities"": null, ""net_income"": 73571000000.0, ""diluted_shares_outstanding"": 37923.19587628866, ""ebitda"": null}","{""high_quality_liquid_asset"": null, ""cash_outflow"": null, ""cash_inflow"": null, ""net_cash_flow"": null, ""operating_cash_flow"": 2386096000000.0, ""investing_cash_flow"": -1250564000000.0, ""financing_cash_flow"": -462085000000.0, ""net_increased_decreased"": 673447000000.0, ""realized_capital_goods_investment"": null, ""free_cash_flow"": null, ""total_high_quality_liquid_asset"": null}"
INPP.JK,2024-03-31,1,"{""total_current_asset"": 2116245316745.0, ""total_non_current_asset"": 7524346364022.0, ""total_asset"": 9640591680767.0, ""cash_only"": null, ""total_cash_and_due_from_banks"": null, ""cash_and_short_term_investments"": 457486940809.0, ""total_current_liabilities"": 1093807232581.0, ""total_non_current_liabilities"": 2488917781448.0, ""total_liabilities"": 3582725014029.0, ""total_equity"": 6057866666738.0, ""total_debt"": 1903951622066.0, ""stockholders_equity"": 5451089251495.0}","{""total_revenue"": 262583176143.0, ""cost_of_revenue"": 89237006706.0, ""gross_income"": 173346169437.0, ""operating_expense"": 125701162589.0, ""operating_income"": 299047332026.0, ""non_operating_income_or_loss"": -158552431652.0, ""pretax_income"": 140494900374.0, ""income_taxes"": -6540139321.0, ""minorities"": 16068885895.0, ""net_income"": 117885875158.0, ""interest_expense_non_operating"": 43432309444.0, ""ebit"": 183927209818.0, ""ebitda"": null, ""diluted_shares_outstanding"": 11184618136.432638}","{""operating_cash_flow"": 42845491760.0, ""investing_cash_flow"": -152575159730.0, ""financing_cash_flow"": 148466797460.0, ""net_increased_decreased"": 38737129490.0, ""capital_expenditure"": 152644659730.0, ""free_cash_flow"": 195490151490.0}"
GHON.JK,2024-03-31,3,"{""total_current_asset"": 131792869000.0, ""total_non_current_asset"": 1241190545000.0, ""total_asset"": 1372983414000.0, ""cash_only"": null, ""total_cash_and_due_from_banks"": null, ""cash_and_short_term_investments"": 16421572000.0, ""total_current_liabilities"": 330878803000.0, ""total_non_current_liabilities"": 190575484000.0, ""total_liabilities"": 521454287000.0, ""total_equity"": 851529127000.0, ""total_debt"": 402240325000.0, ""stockholders_equity"": 829394901000.0}","{""total_revenue"": 53920980000.0, ""cost_of_revenue"": 19609211000.0, ""gross_income"": 34311769000.0, ""operating_expense"": 8226220000.0, ""operating_income"": 42537989000.0, ""non_operating_income_or_loss"": -24761647000.0, ""pretax_income"": 17776342000.0, ""income_taxes"": -1292136000.0, ""minorities"": 373552000.0, ""net_income"": 16110654000.0, ""interest_expense_non_operating"": 7884049000.0, ""ebit"": 25660391000.0, ""ebitda"": null, ""diluted_shares_outstanding"": 537021800.0}","{""operating_cash_flow"": 25011268000.0, ""investing_cash_flow"": -102052593000.0, ""financing_cash_flow"": 6402391000.0, ""net_increased_decreased"": -70638934000.0, ""capital_expenditure"": 103102652000.0, ""free_cash_flow"": 128113920000.0}"
SAPX.JK,2024-03-31,1,"{""total_current_asset"": 257935502925.0, ""total_non_current_asset"": 74446503790.0, ""total_asset"": 332382006715.0, ""cash_only"": null, ""total_cash_and_due_from_banks"": null, ""cash_and_short_term_investments"": 59207786103.0, ""total_current_liabilities"": 145296777792.0, ""total_non_current_liabilities"": 7744119987.0, ""total_liabilities"": 153040897779.0, ""total_equity"": 179341108936.0, ""total_debt"": 64699788785.0, ""stockholders_equity"": 179341108936.0}","{""total_revenue"": 189963260751.0, ""cost_of_revenue"": 149384709746.0, ""gross_income"": 40578551005.0, ""operating_expense"": 37246205144.0, ""operating_income"": 77824756149.0, ""non_operating_income_or_loss"": -74907373036.0, ""pretax_income"": 2917383113.0, ""income_taxes"": -641824284.0, ""minorities"": null, ""net_income"": 2275558829.0, ""interest_expense_non_operating"": 1711543943.0, ""ebit"": 4628927056.0, ""ebitda"": 7395016128.0, ""diluted_shares_outstanding"": 833538032.6007326}","{""operating_cash_flow"": 7808221825.0, ""investing_cash_flow"": 1253276962.0, ""financing_cash_flow"": -13105935930.0, ""net_increased_decreased"": -4044437143.0, ""capital_expenditure"": 709723038.0, ""free_cash_flow"": 8517944863.0}"
BABP.JK,2024-03-31,4,"{""gross_loan"": 10225861000000.0, ""allowance_for_loans"": 261999000000.0, ""net_loan"": 10487860000000.0, ""non_loan_asset"": null, ""total_asset"": 18290069000000.0, ""total_earning_assets"": null, ""cash_only"": 149606000000.0, ""total_cash_and_due_from_banks"": 343135000000.0, ""current_account"": 902752000000.0, ""savings_account"": 1996976000000.0, ""time_deposit"": 11019064000000.0, ""total_deposit"": 13918792000000.0, ""other_interest_bearing_liabilities"": null, ""non_interest_bearing_liabilities"": null, ""total_liabilities"": 14686763000000.0, ""total_equity"": 3603306000000.0, ""total_debt"": null, ""stockholders_equity"": 3603306000000.0, ""non_loan_assets"": 7802209000000.0}","{""interest_income"": 335776000000.0, ""interest_expense"": 202085000000.0, ""net_interest_income"": 537861000000.0, ""premium_income"": null, ""premium_expense"": null, ""net_premium_income"": null, ""non_interest_income"": null, ""total_revenue"": null, ""operating_income"": 15840000000.0, ""operating_expense"": null, ""provision"": -11070000000.0, ""non_operating_income_or_loss"": 3236000000.0, ""pretax_income"": 19076000000.0, ""income_taxes"": -4227000000.0, ""minorities"": null, ""net_income"": 14849000000.0, ""diluted_shares_outstanding"": 32280.434782608696, ""ebitda"": null}","{""high_quality_liquid_asset"": null, ""cash_outflow"": null, ""cash_inflow"": null, ""net_cash_flow"": null, ""operating_cash_flow"": -317128000000.0, ""investing_cash_flow"": 63689000000.0, ""financing_cash_flow"": 1727000000.0, ""net_increased_decreased"": -251712000000.0, ""realized_capital_goods_investment"": null, ""free_cash_flow"": null, ""total_high_quality_liquid_asset"": null}"
SSTM.JK,2024-03-31,1,"{""total_current_asset"": 216829644409.0, ""total_non_current_asset"": 195816812891.0, ""total_asset"": 412646457300.0, ""cash_only"": null, ""total_cash_and_due_from_banks"": null, ""cash_and_short_term_investments"": 3145596184.0, ""total_current_liabilities"": 134771886579.0, ""total_non_current_liabilities"": 36014052852.0, ""total_liabilities"": 170785939431.0, ""total_equity"": 241860517869.0, ""total_debt"": null, ""stockholders_equity"": 241860517869.0}","{""total_revenue"": 61739072767.0, ""cost_of_revenue"": 56250375089.0, ""gross_income"": 5488697678.0, ""operating_expense"": 3310773969.0, ""operating_income"": 8799471647.0, ""non_operating_income_or_loss"": -2110157537.0, ""pretax_income"": 6689314110.0, ""income_taxes"": -690678565.0, ""minorities"": null, ""net_income"": 5998635545.0, ""interest_expense_non_operating"": 56591548.0, ""ebit"": 6745905658.0, ""ebitda"": 9061115156.0, ""diluted_shares_outstanding"": 1199727109.0}","{""operating_cash_flow"": 1257754497.0, ""investing_cash_flow"": -490000000.0, ""financing_cash_flow"": null, ""net_increased_decreased"": 767754497.0, ""capital_expenditure"": 490000000.0, ""free_cash_flow"": 1747754497.0}"
WIFI.JK,2024-03-31,1,"{""total_current_asset"": 314574004710.0, ""total_non_current_asset"": 1707862016482.0, ""total_asset"": 2022436021192.0, ""cash_only"": null, ""total_cash_and_due_from_banks"": null, ""cash_and_short_term_investments"": 35768737603.0, ""total_current_liabilities"": 289479038144.0, ""total_non_current_liabilities"": 959969895905.0, ""total_liabilities"": 1249448934049.0, ""total_equity"": 772987087143.0, ""total_debt"": 960791618891.0, ""stockholders_equity"": 771005006772.0}","{""total_revenue"": 139781211970.0, ""cost_of_revenue"": 59851711698.0, ""gross_income"": 79929500272.0, ""operating_expense"": 15654491646.0, ""operating_income"": 95583991918.0, ""non_operating_income_or_loss"": -50537605873.0, ""pretax_income"": 45046386045.0, ""income_taxes"": -15759398823.0, ""minorities"": -101817815.0, ""net_income"": 29388805037.0, ""interest_expense_non_operating"": 19271528558.0, ""ebit"": 64317914603.0, ""ebitda"": null, ""diluted_shares_outstanding"": 2323225694.624506}","{""operating_cash_flow"": -159163330830.0, ""investing_cash_flow"": -249999656705.0, ""financing_cash_flow"": 404859186008.0, ""net_increased_decreased"": -4303801527.0, ""capital_expenditure"": 249999656705.0, ""free_cash_flow"": 90836325875.0}"
AMIN.JK,2024-03-31,3,"{""total_current_asset"": 241196346116.0, ""total_non_current_asset"": 102470930458.0, ""total_asset"": 343667276574.0, ""cash_only"": null, ""total_cash_and_due_from_banks"": null, ""cash_and_short_term_investments"": 3946215416.0, ""total_current_liabilities"": 156707399706.0, ""total_non_current_liabilities"": 13118625651.0, ""total_liabilities"": 169826025357.0, ""total_equity"": 173841251217.0, ""total_debt"": 50952350891.0, ""stockholders_equity"": 173841251217.0}","{""total_revenue"": 76240835987.0, ""cost_of_revenue"": 66641691887.0, ""gross_income"": 9599144100.0, ""operating_expense"": 3761147751.0, ""operating_income"": 13360291851.0, ""non_operating_income_or_loss"": -8604931644.0, ""pretax_income"": 4755360207.0, ""income_taxes"": null, ""minorities"": null, ""net_income"": 4755360207.0, ""interest_expense_non_operating"": 1227284635.0, ""ebit"": 5982644842.0, ""ebitda"": null, ""diluted_shares_outstanding"": 1080763683.4090908}","{""operating_cash_flow"": 996910920.0, ""investing_cash_flow"": -887511388.0, ""financing_cash_flow"": -5099204973.0, ""net_increased_decreased"": -4989805441.0, ""capital_expenditure"": 887511388.0, ""free_cash_flow"": 1884422308.0}"
PORT.JK,2024-03-31,3,"{""total_current_asset"": 1029933436000.0, ""total_non_current_asset"": 654860673000.0, ""total_asset"": 1684794109000.0, ""cash_only"": null, ""total_cash_and_due_from_banks"": null, ""cash_and_short_term_investments"": 239764055000.0, ""total_current_liabilities"": 516447930000.0, ""total_non_current_liabilities"": 154636649000.0, ""total_liabilities"": 671084579000.0, ""total_equity"": 1013709530000.0, ""total_debt"": 200805067000.0, ""stockholders_equity"": 1083640237000.0}","{""total_revenue"": 303604904000.0, ""cost_of_revenue"": 227232190000.0, ""gross_income"": 76372714000.0, ""operating_expense"": 19167046000.0, ""operating_income"": 95539760000.0, ""non_operating_income_or_loss"": -40979485000.0, ""pretax_income"": 54560275000.0, ""income_taxes"": -14423061000.0, ""minorities"": -8902127000.0, ""net_income"": 27792983000.0, ""interest_expense_non_operating"": 4959304000.0, ""ebit"": 59519579000.0, ""ebitda"": null, ""diluted_shares_outstanding"": 2813054959.51417}","{""operating_cash_flow"": 66608450000.0, ""investing_cash_flow"": -116593000.0, ""financing_cash_flow"": -52686683000.0, ""net_increased_decreased"": 13805174000.0, ""capital_expenditure"": 116593000.0, ""free_cash_flow"": 66725043000.0}"
CPRO.JK,2024-03-31,1,"{""total_current_asset"": 2524971000000.0, ""total_non_current_asset"": 4521660000000.0, ""total_asset"": 7046631000000.0, ""cash_only"": null, ""total_cash_and_due_from_banks"": null, ""cash_and_short_term_investments"": 99024000000.0, ""total_current_liabilities"": 2325749000000.0, ""total_non_current_liabilities"": 1202269000000.0, ""total_liabilities"": 3528018000000.0, ""total_equity"": 3518613000000.0, ""total_debt"": 2095931000000.0, ""stockholders_equity"": 3515564000000.0}","{""total_revenue"": 2289408000000.0, ""cost_of_revenue"": 1869286000000.0, ""gross_income"": 420122000000.0, ""operating_expense"": 229366000000.0, ""operating_income"": 649488000000.0, ""non_operating_income_or_loss"": -516966000000.0, ""pretax_income"": 132522000000.0, ""income_taxes"": -33612000000.0, ""minorities"": 25000000.0, ""net_income"": 98885000000.0, ""interest_expense_non_operating"": 42864000000.0, ""ebit"": 175386000000.0, ""ebitda"": null, ""diluted_shares_outstanding"": 58167.64705882353}","{""operating_cash_flow"": 149152000000.0, ""investing_cash_flow"": -55203000000.0, ""financing_cash_flow"": -70238000000.0, ""net_increased_decreased"": 23711000000.0, ""capital_expenditure"": 55220000000.0, ""free_cash_flow"": 204372000000.0}"
KRAS.JK,2024-03-31,1,"{""total_current_asset"": 631122000.0, ""total_non_current_asset"": 2163128000.0, ""total_asset"": 2794250000.0, ""cash_only"": null, ""total_cash_and_due_from_banks"": null, ""cash_and_short_term_investments"": 97853000.0, ""total_current_liabilities"": 2107769000.0, ""total_non_current_liabilities"": 226746000.0, ""total_liabilities"": 2334515000.0, ""total_equity"": 459735000.0, ""total_debt"": 1817059000.0, ""stockholders_equity"": 488965000.0}","{""total_revenue"": 231793000.0, ""cost_of_revenue"": 211852000.0, ""gross_income"": 19941000.0, ""operating_expense"": 26924000.0, ""operating_income"": 46865000.0, ""non_operating_income_or_loss"": -72742000.0, ""pretax_income"": -25877000.0, ""income_taxes"": -1469000.0, ""minorities"": 1797000.0, ""net_income"": -29143000.0, ""interest_expense_non_operating"": 30606000.0, ""ebit"": 4729000.0, ""ebitda"": null, ""diluted_shares_outstanding"": 19428666.666666668}","{""operating_cash_flow"": -20577000.0, ""investing_cash_flow"": 2741000.0, ""financing_cash_flow"": -6057000.0, ""net_increased_decreased"": -23893000.0, ""capital_expenditure"": 1235000.0, ""free_cash_flow"": -19342000.0}"
ABDA.JK,2024-03-31,6,"{""total_current_asset"": null, ""total_non_current_asset"": null, ""total_asset"": 2713894490000.0, ""cash_only"": 681964220000.0, ""total_cash_and_due_from_banks"": null, ""cash_and_short_term_investments"": null, ""total_current_liabilities"": null, ""total_non_current_liabilities"": null, ""total_liabilities"": 1199926707000.0, ""total_equity"": 1513967783000.0, ""total_debt"": null, ""stockholders_equity"": 1513917291000.0}","{""total_revenue"": 249566516000.0, ""cost_of_revenue"": null, ""gross_income"": null, ""operating_expense"": null, ""operating_income"": 12043662000.0, ""non_operating_income_or_loss"": null, ""pretax_income"": 10731847000.0, ""income_taxes"": 1311815000.0, ""minorities"": null, ""net_income"": 12043662000.0, ""interest_expense_non_operating"": null, ""ebit"": null, ""ebitda"": null, ""diluted_shares_outstanding"": 633995.4736842106}","{""operating_cash_flow"": -6882170000.0, ""investing_cash_flow"": -33805989000.0, ""financing_cash_flow"": 0.0, ""net_increased_decreased"": -40688159000.0, ""capital_expenditure"": 2212204000.0, ""free_cash_flow"": -4669966000.0}"
GTBO.JK,2024-03-31,1,"{""total_current_asset"": 15366120.0, ""total_non_current_asset"": 46170869.0, ""total_asset"": 61536989.0, ""cash_only"": null, ""total_cash_and_due_from_banks"": null, ""cash_and_short_term_investments"": 6779310.0, ""total_current_liabilities"": 7854764.0, ""total_non_current_liabilities"": 2071576.0, ""total_liabilities"": 9926340.0, ""total_equity"": 51610649.0, ""total_debt"": null, ""stockholders_equity"": 51610649.0}","{""total_revenue"": 11641181.0, ""cost_of_revenue"": 5683204.0, ""gross_income"": 5957977.0, ""operating_expense"": 3470883.0, ""operating_income"": 9428860.0, ""non_operating_income_or_loss"": -6980610.0, ""pretax_income"": 2448250.0, ""income_taxes"": -538615.0, ""minorities"": null, ""net_income"": 1909635.0, ""interest_expense_non_operating"": null, ""ebit"": null, ""ebitda"": null, ""diluted_shares_outstanding"": 1909635000.0}","{""operating_cash_flow"": -573373.0, ""investing_cash_flow"": null, ""financing_cash_flow"": -700000.0, ""net_increased_decreased"": -1273373.0, ""capital_expenditure"": null, ""free_cash_flow"": null}"
PEVE.JK,2024-03-31,1,"{""total_current_asset"": 983495726422.0, ""total_non_current_asset"": 29346884224.0, ""total_asset"": 1012842610646.0, ""cash_only"": null, ""total_cash_and_due_from_banks"": null, ""cash_and_short_term_investments"": 4094962498.0, ""total_current_liabilities"": 727006761393.0, ""total_non_current_liabilities"": 43254196363.0, ""total_liabilities"": 770260957756.0, ""total_equity"": 242581652890.0, ""total_debt"": 88739354990.0, ""stockholders_equity"": 242581498804.0}","{""total_revenue"": 714492921204.0, ""cost_of_revenue"": 628603028721.0, ""gross_income"": 85889892483.0, ""operating_expense"": 70745894158.0, ""operating_income"": 156635786641.0, ""non_operating_income_or_loss"": -143001689744.0, ""pretax_income"": 13634096897.0, ""income_taxes"": -2999501317.0, ""minorities"": -627387.0, ""net_income"": 10635222967.0, ""interest_expense_non_operating"": 1500401043.0, ""ebit"": 15134497940.0, ""ebitda"": null, ""diluted_shares_outstanding"": 1766648333.3887045}","{""operating_cash_flow"": -14276860475.0, ""investing_cash_flow"": -1953983083.0, ""financing_cash_flow"": 15833706464.0, ""net_increased_decreased"": -397137094.0, ""capital_expenditure"": 2093622724.0, ""free_cash_flow"": -12183237751.0}"
ALKA.JK,2024-03-31,1,"{""total_current_asset"": 318038806000.0, ""total_non_current_asset"": 11359202000.0, ""total_asset"": 329398008000.0, ""cash_only"": null, ""total_cash_and_due_from_banks"": null, ""cash_and_short_term_investments"": 265030566000.0, ""total_current_liabilities"": 117903369000.0, ""total_non_current_liabilities"": 2366481000.0, ""total_liabilities"": 120269850000.0, ""total_equity"": 209128158000.0, ""total_debt"": 86170000.0, ""stockholders_equity"": 209058461000.0}","{""total_revenue"": 13822661000.0, ""cost_of_revenue"": 8788779000.0, ""gross_income"": 5033882000.0, ""operating_expense"": 3192148000.0, ""operating_income"": 8226030000.0, ""non_operating_income_or_loss"": -9805475000.0, ""pretax_income"": -1579445000.0, ""income_taxes"": 332000.0, ""minorities"": 43258000.0, ""net_income"": -1622371000.0, ""interest_expense_non_operating"": 20254000.0, ""ebit"": -1559191000.0, ""ebitda"": null, ""diluted_shares_outstanding"": 506990.9375}","{""operating_cash_flow"": -49207852000.0, ""investing_cash_flow"": -3687325000.0, ""financing_cash_flow"": -74626000.0, ""net_increased_decreased"": -52969803000.0, ""capital_expenditure"": 3687325000.0, ""free_cash_flow"": -45520527000.0}"
RGAS.JK,2024-03-31,1,"{""total_current_asset"": 66756963181.0, ""total_non_current_asset"": 23273873640.0, ""total_asset"": 90030836821.0, ""cash_only"": null, ""total_cash_and_due_from_banks"": null, ""cash_and_short_term_investments"": 26568371584.0, ""total_current_liabilities"": 2593202094.0, ""total_non_current_liabilities"": 728824537.0, ""total_liabilities"": 3322026631.0, ""total_equity"": 86708810190.0, ""total_debt"": null, ""stockholders_equity"": 86626858399.0}","{""total_revenue"": 20530026602.0, ""cost_of_revenue"": 14407709664.0, ""gross_income"": 6122316938.0, ""operating_expense"": 4521856005.0, ""operating_income"": 10644172943.0, ""non_operating_income_or_loss"": -8817534226.0, ""pretax_income"": 1826638717.0, ""income_taxes"": -615650315.0, ""minorities"": -1421194.0, ""net_income"": 1212409596.0, ""interest_expense_non_operating"": null, ""ebit"": null, ""ebitda"": null, ""diluted_shares_outstanding"": 1460734453.0120482}","{""operating_cash_flow"": 3867852695.0, ""investing_cash_flow"": -708066423.0, ""financing_cash_flow"": null, ""net_increased_decreased"": 3159786272.0, ""capital_expenditure"": 721042460.0, ""free_cash_flow"": 4588895155.0}"
NTBK.JK,2024-03-31,1,"{""total_current_asset"": 109402085569.0, ""total_non_current_asset"": 21646584704.0, ""total_asset"": 131048670273.0, ""cash_only"": null, ""total_cash_and_due_from_banks"": null, ""cash_and_short_term_investments"": 12359461576.0, ""total_current_liabilities"": 30620728465.0, ""total_non_current_liabilities"": 5367895999.0, ""total_liabilities"": 35988624464.0, ""total_equity"": 95060045809.0, ""total_debt"": 896656430.0, ""stockholders_equity"": 95060045809.0}","{""total_revenue"": 21749289479.0, ""cost_of_revenue"": 18338094906.0, ""gross_income"": 3411194573.0, ""operating_expense"": 3353721536.0, ""operating_income"": 6764916109.0, ""non_operating_income_or_loss"": -6667735875.0, ""pretax_income"": 97180234.0, ""income_taxes"": -85501077.0, ""minorities"": null, ""net_income"": 11679157.0, ""interest_expense_non_operating"": null, ""ebit"": null, ""ebitda"": null, ""diluted_shares_outstanding"": 2919789250.0}","{""operating_cash_flow"": 746730930.0, ""investing_cash_flow"": -75221500.0, ""financing_cash_flow"": -10084765817.0, ""net_increased_decreased"": -9413256387.0, ""capital_expenditure"": 75221500.0, ""free_cash_flow"": 821952430.0}"
ASLC.JK,2024-03-31,1,"{""total_current_asset"": 564469332403.0, ""total_non_current_asset"": 329055142018.0, ""total_asset"": 893524474421.0, ""cash_only"": null, ""total_cash_and_due_from_banks"": null, ""cash_and_short_term_investments"": 243832550354.0, ""total_current_liabilities"": 156280089394.0, ""total_non_current_liabilities"": 16366975424.0, ""total_liabilities"": 172647064818.0, ""total_equity"": 720877409603.0, ""total_debt"": 4000000000.0, ""stockholders_equity"": 706955677401.0}","{""total_revenue"": 183318653745.0, ""cost_of_revenue"": 119989003004.0, ""gross_income"": 63329650741.0, ""operating_expense"": 48639734205.0, ""operating_income"": 111969384946.0, ""non_operating_income_or_loss"": -90857112000.0, ""pretax_income"": 21112272946.0, ""income_taxes"": -4161720980.0, ""minorities"": 1602587446.0, ""net_income"": 15347964520.0, ""interest_expense_non_operating"": 805182520.0, ""ebit"": 21917455466.0, ""ebitda"": null, ""diluted_shares_outstanding"": 12789970433.333334}","{""operating_cash_flow"": -2097784610.0, ""investing_cash_flow"": -1110811005.0, ""financing_cash_flow"": 236289560.0, ""net_increased_decreased"": -2972306055.0, ""capital_expenditure"": 7003297913.0, ""free_cash_flow"": 4905513303.0}"
MIRA.JK,2024-03-31,3,"{""total_current_asset"": 33288312562.0, ""total_non_current_asset"": 206057756183.0, ""total_asset"": 239346068745.0, ""cash_only"": null, ""total_cash_and_due_from_banks"": null, ""cash_and_short_term_investments"": 945273827.0, ""total_current_liabilities"": 45347802558.0, ""total_non_current_liabilities"": 33911943226.0, ""total_liabilities"": 79259745784.0, ""total_equity"": 160086322961.0, ""total_debt"": 51458932803.0, ""stockholders_equity"": 158671207711.0}","{""total_revenue"": 13319057227.0, ""cost_of_revenue"": 14374792443.0, ""gross_income"": -1055735216.0, ""operating_expense"": 1310034149.0, ""operating_income"": 254298933.0, ""non_operating_income_or_loss"": -1399969876.0, ""pretax_income"": -1145670943.0, ""income_taxes"": -511929285.0, ""minorities"": -342131043.0, ""net_income"": -1315469185.0, ""interest_expense_non_operating"": null, ""ebit"": null, ""ebitda"": null, ""diluted_shares_outstanding"": 3986270257.5757575}","{""operating_cash_flow"": 1352683172.0, ""investing_cash_flow"": 584592950.0, ""financing_cash_flow"": -1406888224.0, ""net_increased_decreased"": 530387898.0, ""capital_expenditure"": 335159303.0, ""free_cash_flow"": 1687842475.0}"
TFAS.JK,2024-03-31,1,"{""total_current_asset"": 208118800523.0, ""total_non_current_asset"": 37996806988.0, ""total_asset"": 246115607511.0, ""cash_only"": null, ""total_cash_and_due_from_banks"": null, ""cash_and_short_term_investments"": 3116769360.0, ""total_current_liabilities"": 57917846720.0, ""total_non_current_liabilities"": 2418388812.0, ""total_liabilities"": 60336235532.0, ""total_equity"": 185779371979.0, ""total_debt"": 57102829021.0, ""stockholders_equity"": 183527270859.0}","{""total_revenue"": 117864447071.0, ""cost_of_revenue"": 112968000511.0, ""gross_income"": 4896446560.0, ""operating_expense"": 4959949191.0, ""operating_income"": 9856395751.0, ""non_operating_income_or_loss"": -11812007463.0, ""pretax_income"": -1955611712.0, ""income_taxes"": null, ""minorities"": -22076305.0, ""net_income"": -1933535407.0, ""interest_expense_non_operating"": 1914059826.0, ""ebit"": -41551886.0, ""ebitda"": null, ""diluted_shares_outstanding"": 1652594364.9572651}","{""operating_cash_flow"": -194707146.0, ""investing_cash_flow"": 1180835000.0, ""financing_cash_flow"": -1512178124.0, ""net_increased_decreased"": -526050270.0, ""capital_expenditure"": null, ""free_cash_flow"": null}"
GOLD.JK,2024-03-31,2,"{""total_current_asset"": 61887050000.0, ""total_non_current_asset"": 357480240000.0, ""total_asset"": 419367290000.0, ""cash_only"": null, ""total_cash_and_due_from_banks"": null, ""cash_and_short_term_investments"": 38954045000.0, ""total_current_liabilities"": 36023702000.0, ""total_non_current_liabilities"": 4116117000.0, ""total_liabilities"": 40139819000.0, ""total_equity"": 379227471000.0, ""total_debt"": 2113346000.0, ""stockholders_equity"": 379226127000.0}","{""total_revenue"": 12338030000.0, ""cost_of_revenue"": 4534772000.0, ""gross_income"": 7803258000.0, ""operating_expense"": 2609923000.0, ""operating_income"": 10413181000.0, ""non_operating_income_or_loss"": -5313206000.0, ""pretax_income"": 5099975000.0, ""income_taxes"": -200171000.0, ""minorities"": 17000.0, ""net_income"": 4899804000.0, ""interest_expense_non_operating"": null, ""ebit"": null, ""ebitda"": null, ""diluted_shares_outstanding"": 1275986197.9166665}","{""operating_cash_flow"": 2347925000.0, ""investing_cash_flow"": -11573400000.0, ""financing_cash_flow"": -248333000.0, ""net_increased_decreased"": -9473808000.0, ""capital_expenditure"": 9166733000.0, ""free_cash_flow"": 11514658000.0}"
NCKL.JK,2024-03-31,1,"{""total_current_asset"": 13737202000000.0, ""total_non_current_asset"": 34649100000000.0, ""total_asset"": 48386302000000.0, ""cash_only"": null, ""total_cash_and_due_from_banks"": null, ""cash_and_short_term_investments"": 6066978000000.0, ""total_current_liabilities"": 10656980000000.0, ""total_non_current_liabilities"": 7810295000000.0, ""total_liabilities"": 18467275000000.0, ""total_equity"": 29919027000000.0, ""total_debt"": 9189318000000.0, ""stockholders_equity"": 24873710000000.0}","{""total_revenue"": 6034165000000.0, ""cost_of_revenue"": 4416513000000.0, ""gross_income"": 1617652000000.0, ""operating_expense"": 373554000000.0, ""operating_income"": 1991206000000.0, ""non_operating_income_or_loss"": -508200000000.0, ""pretax_income"": 1483006000000.0, ""income_taxes"": -192087000000.0, ""minorities"": 289591000000.0, ""net_income"": 1001328000000.0, ""interest_expense_non_operating"": 222776000000.0, ""ebit"": 1705782000000.0, ""ebitda"": 2106579000000.0, ""diluted_shares_outstanding"": 60834.02187120292}","{""operating_cash_flow"": 2366957000000.0, ""investing_cash_flow"": -313812000000.0, ""financing_cash_flow"": 19421000000.0, ""net_increased_decreased"": 2072566000000.0, ""capital_expenditure"": 313832000000.0, ""free_cash_flow"": 2680789000000.0}"
MLIA.JK,2024-03-31,1,"{""total_current_asset"": 2448342434000.0, ""total_non_current_asset"": 4534375630000.0, ""total_asset"": 6982718064000.0, ""cash_only"": null, ""total_cash_and_due_from_banks"": null, ""cash_and_short_term_investments"": 681265330000.0, ""total_current_liabilities"": 1012203565000.0, ""total_non_current_liabilities"": 906500499000.0, ""total_liabilities"": 1918704064000.0, ""total_equity"": 5064014000000.0, ""total_debt"": 856512553000.0, ""stockholders_equity"": 5064014000000.0}","{""total_revenue"": 1072478617000.0, ""cost_of_revenue"": 800735614000.0, ""gross_income"": 271743003000.0, ""operating_expense"": 131357483000.0, ""operating_income"": 403100486000.0, ""non_operating_income_or_loss"": -268503013000.0, ""pretax_income"": 134597473000.0, ""income_taxes"": -28767727000.0, ""minorities"": null, ""net_income"": 105829746000.0, ""interest_expense_non_operating"": 19656627000.0, ""ebit"": 154254100000.0, ""ebitda"": 230351375000.0, ""diluted_shares_outstanding"": 6614359.125}","{""operating_cash_flow"": 69751222000.0, ""investing_cash_flow"": -25824013000.0, ""financing_cash_flow"": -69005773000.0, ""net_increased_decreased"": -25078564000.0, ""capital_expenditure"": 30354245000.0, ""free_cash_flow"": 100105467000.0}"
EDGE.JK,2024-03-31,1,"{""total_current_asset"": 457694000000.0, ""total_non_current_asset"": 2316091000000.0, ""total_asset"": 2773785000000.0, ""cash_only"": null, ""total_cash_and_due_from_banks"": null, ""cash_and_short_term_investments"": 154519000000.0, ""total_current_liabilities"": 624154000000.0, ""total_non_current_liabilities"": 610169000000.0, ""total_liabilities"": 1234323000000.0, ""total_equity"": 1539462000000.0, ""total_debt"": 577674000000.0, ""stockholders_equity"": 1534099000000.0}","{""total_revenue"": 250972000000.0, ""cost_of_revenue"": 137977000000.0, ""gross_income"": 112995000000.0, ""operating_expense"": 25711000000.0, ""operating_income"": 138706000000.0, ""non_operating_income_or_loss"": -50029000000.0, ""pretax_income"": 88677000000.0, ""income_taxes"": -20556000000.0, ""minorities"": 96000000.0, ""net_income"": 68025000000.0, ""interest_expense_non_operating"": 72000000.0, ""ebit"": 88749000000.0, ""ebitda"": null, ""diluted_shares_outstanding"": 2000735294.1176472}","{""operating_cash_flow"": 121331000000.0, ""investing_cash_flow"": -257678000000.0, ""financing_cash_flow"": 25487000000.0, ""net_increased_decreased"": -110860000000.0, ""capital_expenditure"": 257678000000.0, ""free_cash_flow"": 379009000000.0}"
DPNS.JK,2024-03-31,1,"{""total_current_asset"": 250365153985.0, ""total_non_current_asset"": 94384719083.0, ""total_asset"": 344749873068.0, ""cash_only"": null, ""total_cash_and_due_from_banks"": null, ""cash_and_short_term_investments"": 38660706140.0, ""total_current_liabilities"": 6134463660.0, ""total_non_current_liabilities"": 8281117883.0, ""total_liabilities"": 14415581543.0, ""total_equity"": 330334291525.0, ""total_debt"": null, ""stockholders_equity"": 330334291525.0}","{""total_revenue"": 17842664717.0, ""cost_of_revenue"": 13333218135.0, ""gross_income"": 4509446582.0, ""operating_expense"": 6607150618.0, ""operating_income"": 11116597200.0, ""non_operating_income_or_loss"": -8361088471.0, ""pretax_income"": 2755508729.0, ""income_taxes"": -89383777.0, ""minorities"": null, ""net_income"": 2666124952.0, ""interest_expense_non_operating"": null, ""ebit"": null, ""ebitda"": null, ""diluted_shares_outstanding"": 331195646.2111801}","{""operating_cash_flow"": 15281287285.0, ""investing_cash_flow"": -33033094376.0, ""financing_cash_flow"": null, ""net_increased_decreased"": -17751807091.0, ""capital_expenditure"": 8300000.0, ""free_cash_flow"": 15289587285.0}"
TBLA.JK,2024-03-31,1,"{""total_current_asset"": 11379092000000.0, ""total_non_current_asset"": 13883980000000.0, ""total_asset"": 25263072000000.0, ""cash_only"": null, ""total_cash_and_due_from_banks"": null, ""cash_and_short_term_investments"": 782340000000.0, ""total_current_liabilities"": 8187398000000.0, ""total_non_current_liabilities"": 8652220000000.0, ""total_liabilities"": 16839618000000.0, ""total_equity"": 8423454000000.0, ""total_debt"": 12753575000000.0, ""stockholders_equity"": 8410874000000.0}","{""total_revenue"": 4389429000000.0, ""cost_of_revenue"": 3623133000000.0, ""gross_income"": 766296000000.0, ""operating_expense"": 224885000000.0, ""operating_income"": 991181000000.0, ""non_operating_income_or_loss"": -710708000000.0, ""pretax_income"": 280473000000.0, ""income_taxes"": -59877000000.0, ""minorities"": 291000000.0, ""net_income"": 220305000000.0, ""interest_expense_non_operating"": 296936000000.0, ""ebit"": 577409000000.0, ""ebitda"": 742605000000.0, ""diluted_shares_outstanding"": 6025.847921225383}","{""operating_cash_flow"": 924125000000.0, ""investing_cash_flow"": -330741000000.0, ""financing_cash_flow"": -341406000000.0, ""net_increased_decreased"": 251978000000.0, ""capital_expenditure"": 332247000000.0, ""free_cash_flow"": 1256372000000.0}"
VICO.JK,2024-03-31,4,"{""gross_loan"": 20329487639000.0, ""allowance_for_loans"": 564354488000.0, ""net_loan"": 20893842127000.0, ""non_loan_asset"": null, ""total_asset"": 32552649064000.0, ""total_earning_assets"": null, ""cash_only"": 215004038000.0, ""total_cash_and_due_from_banks"": 702151185000.0, ""current_account"": 2165457373000.0, ""savings_account"": 3193982062000.0, ""time_deposit"": 16358832522000.0, ""total_deposit"": 21718271957000.0, ""other_interest_bearing_liabilities"": null, ""non_interest_bearing_liabilities"": null, ""total_liabilities"": 26101558430000.0, ""total_equity"": 5127645645000.0, ""total_debt"": null, ""stockholders_equity"": 3217057344000.0, ""non_loan_assets"": 11658806937000.0}","{""interest_income"": 550924570000.0, ""interest_expense"": 382734956000.0, ""net_interest_income"": 933659526000.0, ""premium_income"": 25462755000.0, ""premium_expense"": 20962241000.0, ""net_premium_income"": 46424996000.0, ""non_interest_income"": null, ""total_revenue"": null, ""operating_income"": 110159232000.0, ""operating_expense"": null, ""provision"": null, ""non_operating_income_or_loss"": 56030879000.0, ""pretax_income"": 53372461000.0, ""income_taxes"": -7065076000.0, ""minorities"": 22648882000.0, ""net_income"": 68956267000.0, ""diluted_shares_outstanding"": 1526355032.2580645, ""ebitda"": null}","{""high_quality_liquid_asset"": null, ""cash_outflow"": null, ""cash_inflow"": null, ""net_cash_flow"": null, ""operating_cash_flow"": -960472836000.0, ""investing_cash_flow"": 545048072000.0, ""financing_cash_flow"": -8029640000.0, ""net_increased_decreased"": -423454404000.0, ""realized_capital_goods_investment"": null, ""free_cash_flow"": null, ""total_high_quality_liquid_asset"": null}"
TRON.JK,2024-03-31,1,"{""total_current_asset"": 167468065538.0, ""total_non_current_asset"": 96498131090.0, ""total_asset"": 263966196628.0, ""cash_only"": null, ""total_cash_and_due_from_banks"": null, ""cash_and_short_term_investments"": 38414120445.0, ""total_current_liabilities"": 17314058670.0, ""total_non_current_liabilities"": 33184924270.0, ""total_liabilities"": 50498982940.0, ""total_equity"": 213467213688.0, ""total_debt"": 35437406933.0, ""stockholders_equity"": 213467213688.0}","{""total_revenue"": 30742764432.0, ""cost_of_revenue"": 22134675632.0, ""gross_income"": 8608088800.0, ""operating_expense"": 5834423821.0, ""operating_income"": 14442512621.0, ""non_operating_income_or_loss"": -12148074912.0, ""pretax_income"": 2294437709.0, ""income_taxes"": null, ""minorities"": null, ""net_income"": 2294437709.0, ""interest_expense_non_operating"": 843434716.0, ""ebit"": 3137872425.0, ""ebitda"": null, ""diluted_shares_outstanding"": 2699338481.1764708}","{""operating_cash_flow"": -10982511047.0, ""investing_cash_flow"": -3887580846.0, ""financing_cash_flow"": 11990000139.0, ""net_increased_decreased"": -2880091754.0, ""capital_expenditure"": 3760094286.0, ""free_cash_flow"": -7222416761.0}"
INTP.JK,2024-03-31,1,"{""total_current_asset"": 8600757000000.0, ""total_non_current_asset"": 20173243000000.0, ""total_asset"": 28774000000000.0, ""cash_only"": null, ""total_cash_and_due_from_banks"": null, ""cash_and_short_term_investments"": 2519995000000.0, ""total_current_liabilities"": 6271436000000.0, ""total_non_current_liabilities"": 1295024000000.0, ""total_liabilities"": 7566460000000.0, ""total_equity"": 21207540000000.0, ""total_debt"": 2767101000000.0, ""stockholders_equity"": 21207540000000.0}","{""total_revenue"": 4082568000000.0, ""cost_of_revenue"": 2902396000000.0, ""gross_income"": 1180172000000.0, ""operating_expense"": 876564000000.0, ""operating_income"": 2056736000000.0, ""non_operating_income_or_loss"": -1758719000000.0, ""pretax_income"": 298017000000.0, ""income_taxes"": -59988000000.0, ""minorities"": null, ""net_income"": 238029000000.0, ""interest_expense_non_operating"": 48115000000.0, ""ebit"": 346132000000.0, ""ebitda"": null, ""diluted_shares_outstanding"": 3431295949.257604}","{""operating_cash_flow"": -526481000000.0, ""investing_cash_flow"": -26794000000.0, ""financing_cash_flow"": -118302000000.0, ""net_increased_decreased"": -671577000000.0, ""capital_expenditure"": 27020000000.0, ""free_cash_flow"": -499461000000.0}"
SFAN.JK,2024-03-31,1,"{""total_current_asset"": 227501264619.0, ""total_non_current_asset"": 29062906721.0, ""total_asset"": 256564171340.0, ""cash_only"": null, ""total_cash_and_due_from_banks"": null, ""cash_and_short_term_investments"": 41237684036.0, ""total_current_liabilities"": 62584719681.0, ""total_non_current_liabilities"": 4271156206.0, ""total_liabilities"": 66855875887.0, ""total_equity"": 189708295453.0, ""total_debt"": 970870815.0, ""stockholders_equity"": 150347808643.0}","{""total_revenue"": -4220684840.0, ""cost_of_revenue"": 19770632.0, ""gross_income"": -4240455472.0, ""operating_expense"": 10026945336.0, ""operating_income"": 5786489864.0, ""non_operating_income_or_loss"": -22757297781.0, ""pretax_income"": -16970807917.0, ""income_taxes"": null, ""minorities"": 1836630777.0, ""net_income"": -18807438694.0, ""interest_expense_non_operating"": 55567664.0, ""ebit"": -16915240253.0, ""ebitda"": null, ""diluted_shares_outstanding"": 1359901568.6189444}","{""operating_cash_flow"": -129920288.0, ""investing_cash_flow"": -3026386606.0, ""financing_cash_flow"": -136520258.0, ""net_increased_decreased"": -3292827152.0, ""capital_expenditure"": 25811775.0, ""free_cash_flow"": -104108513.0}"
BJBR.JK,2024-03-31,4,"{""gross_loan"": 130472543000000.0, ""allowance_for_loans"": 2063119000000.0, ""net_loan"": 132535662000000.0, ""non_loan_asset"": null, ""total_asset"": 202500821000000.0, ""total_earning_assets"": null, ""cash_only"": 5447210000000.0, ""total_cash_and_due_from_banks"": 7114535000000.0, ""current_account"": 28111000000000.0, ""savings_account"": 31826511000000.0, ""time_deposit"": 84671673000000.0, ""total_deposit"": 144609184000000.0, ""other_interest_bearing_liabilities"": null, ""non_interest_bearing_liabilities"": null, ""total_liabilities"": 176845479000000.0, ""total_equity"": 16915120000000.0, ""total_debt"": null, ""stockholders_equity"": 15972860000000.0, ""non_loan_assets"": 69965159000000.0}","{""interest_income"": 3846065000000.0, ""interest_expense"": 2224362000000.0, ""net_interest_income"": 6070427000000.0, ""premium_income"": null, ""premium_expense"": null, ""net_premium_income"": null, ""non_interest_income"": null, ""total_revenue"": null, ""operating_income"": 461577000000.0, ""operating_expense"": null, ""provision"": null, ""non_operating_income_or_loss"": 8371000000.0, ""pretax_income"": 453206000000.0, ""income_taxes"": -69782000000.0, ""minorities"": 19164000000.0, ""net_income"": 402588000000.0, ""diluted_shares_outstanding"": 10521.663778162912, ""ebitda"": null}","{""high_quality_liquid_asset"": null, ""cash_outflow"": null, ""cash_inflow"": null, ""net_cash_flow"": null, ""operating_cash_flow"": -2519178000000.0, ""investing_cash_flow"": -1733307000000.0, ""financing_cash_flow"": 1055212000000.0, ""net_increased_decreased"": -3197273000000.0, ""realized_capital_goods_investment"": null, ""free_cash_flow"": null, ""total_high_quality_liquid_asset"": null}"
NETV.JK,2024-03-31,1,"{""total_current_asset"": 692200391312.0, ""total_non_current_asset"": 505828791580.0, ""total_asset"": 1198029182892.0, ""cash_only"": null, ""total_cash_and_due_from_banks"": null, ""cash_and_short_term_investments"": 17166305397.0, ""total_current_liabilities"": 1927295403430.0, ""total_non_current_liabilities"": 63983952336.0, ""total_liabilities"": 1991279355766.0, ""total_equity"": -793250172874.0, ""total_debt"": 1139349265685.0, ""stockholders_equity"": -761478507322.0}","{""total_revenue"": 81788646207.0, ""cost_of_revenue"": 63331807975.0, ""gross_income"": 18456838232.0, ""operating_expense"": 60814625189.0, ""operating_income"": 79271463421.0, ""non_operating_income_or_loss"": -155873621334.0, ""pretax_income"": -76602157913.0, ""income_taxes"": 12374599125.0, ""minorities"": -449985180.0, ""net_income"": -63777573608.0, ""interest_expense_non_operating"": 23439832595.0, ""ebit"": -53162325318.0, ""ebitda"": null, ""diluted_shares_outstanding"": 21259191202.666668}","{""operating_cash_flow"": 11958907414.0, ""investing_cash_flow"": 3916208084.0, ""financing_cash_flow"": -6018291359.0, ""net_increased_decreased"": 9856824139.0, ""capital_expenditure"": 4595610000.0, ""free_cash_flow"": 16554517414.0}"
HITS.JK,2024-03-31,3,"{""total_current_asset"": 84432383.0, ""total_non_current_asset"": 192150767.0, ""total_asset"": 276583150.0, ""cash_only"": null, ""total_cash_and_due_from_banks"": null, ""cash_and_short_term_investments"": 44355838.0, ""total_current_liabilities"": 46817756.0, ""total_non_current_liabilities"": 122774399.0, ""total_liabilities"": 169592155.0, ""total_equity"": 106990995.0, ""total_debt"": 76605284.0, ""stockholders_equity"": 65233190.0}","{""total_revenue"": 29616443.0, ""cost_of_revenue"": 23616106.0, ""gross_income"": 6000337.0, ""operating_expense"": 3522458.0, ""operating_income"": 9522795.0, ""non_operating_income_or_loss"": -7483916.0, ""pretax_income"": 2038879.0, ""income_taxes"": -401496.0, ""minorities"": -519425.0, ""net_income"": 2156808.0, ""interest_expense_non_operating"": 1025775.0, ""ebit"": 3064654.0, ""ebitda"": null, ""diluted_shares_outstanding"": 6957445161.290322}","{""operating_cash_flow"": 20146607.0, ""investing_cash_flow"": -16239288.0, ""financing_cash_flow"": -292726.0, ""net_increased_decreased"": 3614593.0, ""capital_expenditure"": 17020769.0, ""free_cash_flow"": 37167376.0}"
RONY.JK,2024-03-31,1,"{""total_current_asset"": 6644243480.0, ""total_non_current_asset"": 1653182230.0, ""total_asset"": 8297425710.0, ""cash_only"": null, ""total_cash_and_due_from_banks"": null, ""cash_and_short_term_investments"": 64644778.0, ""total_current_liabilities"": 3506168243.0, ""total_non_current_liabilities"": 29257923.0, ""total_liabilities"": 3535426166.0, ""total_equity"": 4761999544.0, ""total_debt"": 1754675361.0, ""stockholders_equity"": 4761999544.0}","{""total_revenue"": 521915271.0, ""cost_of_revenue"": 210560430.0, ""gross_income"": 311354841.0, ""operating_expense"": 283507152.0, ""operating_income"": 594861993.0, ""non_operating_income_or_loss"": -567173615.0, ""pretax_income"": 27688378.0, ""income_taxes"": null, ""minorities"": null, ""net_income"": 27688378.0, ""interest_expense_non_operating"": 199500.0, ""ebit"": 27887878.0, ""ebitda"": null, ""diluted_shares_outstanding"": 1384418900.0}","{""operating_cash_flow"": 57910524.0, ""investing_cash_flow"": null, ""financing_cash_flow"": null, ""net_increased_decreased"": 57910524.0, ""capital_expenditure"": null, ""free_cash_flow"": null}"
JAWA.JK,2024-03-31,1,"{""total_current_asset"": 337190877756.0, ""total_non_current_asset"": 3393457344476.0, ""total_asset"": 3730648222232.0, ""cash_only"": null, ""total_cash_and_due_from_banks"": null, ""cash_and_short_term_investments"": 9076653171.0, ""total_current_liabilities"": 681196028568.0, ""total_non_current_liabilities"": 2034421692965.0, ""total_liabilities"": 2715617721533.0, ""total_equity"": 1015030500699.0, ""total_debt"": 1879844379117.0, ""stockholders_equity"": 1006912905806.0}","{""total_revenue"": 190935051293.0, ""cost_of_revenue"": 189394347907.0, ""gross_income"": 1540703386.0, ""operating_expense"": 13305619325.0, ""operating_income"": 14846322711.0, ""non_operating_income_or_loss"": -46986903173.0, ""pretax_income"": -32140580462.0, ""income_taxes"": -3901331593.0, ""minorities"": -137087892.0, ""net_income"": -35904824163.0, ""interest_expense_non_operating"": 45436731222.0, ""ebit"": 13296150760.0, ""ebitda"": 40511621889.0, ""diluted_shares_outstanding"": 16246526770.588236}","{""operating_cash_flow"": -53124441966.0, ""investing_cash_flow"": -27203538544.0, ""financing_cash_flow"": 82373410921.0, ""net_increased_decreased"": 2045430411.0, ""capital_expenditure"": 27115581348.0, ""free_cash_flow"": -26008860618.0}"
LSIP.JK,2024-03-31,1,"{""total_current_asset"": 5741486000000.0, ""total_non_current_asset"": 7117011000000.0, ""total_asset"": 12858497000000.0, ""cash_only"": null, ""total_cash_and_due_from_banks"": null, ""cash_and_short_term_investments"": 4758190000000.0, ""total_current_liabilities"": 634982000000.0, ""total_non_current_liabilities"": 607143000000.0, ""total_liabilities"": 1242125000000.0, ""total_equity"": 11616372000000.0, ""total_debt"": 7257000000.0, ""stockholders_equity"": 11617804000000.0}","{""total_revenue"": 879465000000.0, ""cost_of_revenue"": 622414000000.0, ""gross_income"": 257051000000.0, ""operating_expense"": 71298000000.0, ""operating_income"": 328349000000.0, ""non_operating_income_or_loss"": -8314000000.0, ""pretax_income"": 320035000000.0, ""income_taxes"": -50985000000.0, ""minorities"": -255000000.0, ""net_income"": 269305000000.0, ""interest_expense_non_operating"": 201000000.0, ""ebit"": 320236000000.0, ""ebitda"": 410777000000.0, ""diluted_shares_outstanding"": 6905.25641025641}","{""operating_cash_flow"": 277025000000.0, ""investing_cash_flow"": -68404000000.0, ""financing_cash_flow"": -1160000000.0, ""net_increased_decreased"": 207461000000.0, ""capital_expenditure"": 64142000000.0, ""free_cash_flow"": 341167000000.0}"
DYAN.JK,2024-03-31,1,"{""total_current_asset"": 490437504640.0, ""total_non_current_asset"": 673247432657.0, ""total_asset"": 1163684937297.0, ""cash_only"": null, ""total_cash_and_due_from_banks"": null, ""cash_and_short_term_investments"": 196785287029.0, ""total_current_liabilities"": 368989748166.0, ""total_non_current_liabilities"": 164175640104.0, ""total_liabilities"": 533165388270.0, ""total_equity"": 630519549027.0, ""total_debt"": 243829316972.0, ""stockholders_equity"": 604840820992.0}","{""total_revenue"": 383391976838.0, ""cost_of_revenue"": 245083739732.0, ""gross_income"": 138308237106.0, ""operating_expense"": 87736899170.0, ""operating_income"": 226045136276.0, ""non_operating_income_or_loss"": -180019826173.0, ""pretax_income"": 46025310103.0, ""income_taxes"": -8291028227.0, ""minorities"": -2649855118.0, ""net_income"": 40384136994.0, ""interest_expense_non_operating"": 5256017321.0, ""ebit"": 51281327424.0, ""ebitda"": null, ""diluted_shares_outstanding"": 4487126332.666667}","{""operating_cash_flow"": 1533927785.0, ""investing_cash_flow"": -15930179973.0, ""financing_cash_flow"": -26263236436.0, ""net_increased_decreased"": -40659488624.0, ""capital_expenditure"": 15262156949.0, ""free_cash_flow"": 16796084734.0}"
BWPT.JK,2024-03-31,1,"{""total_current_asset"": 1378524000000.0, ""total_non_current_asset"": 8711119000000.0, ""total_asset"": 10089643000000.0, ""cash_only"": null, ""total_cash_and_due_from_banks"": null, ""cash_and_short_term_investments"": 63008000000.0, ""total_current_liabilities"": 3579257000000.0, ""total_non_current_liabilities"": 4277218000000.0, ""total_liabilities"": 7856475000000.0, ""total_equity"": 2233168000000.0, ""total_debt"": 4604143000000.0, ""stockholders_equity"": 2220540000000.0}","{""total_revenue"": 943361000000.0, ""cost_of_revenue"": 666168000000.0, ""gross_income"": 277193000000.0, ""operating_expense"": 94311000000.0, ""operating_income"": 371504000000.0, ""non_operating_income_or_loss"": -289321000000.0, ""pretax_income"": 82183000000.0, ""income_taxes"": -31297000000.0, ""minorities"": 3393000000.0, ""net_income"": 47493000000.0, ""interest_expense_non_operating"": 121033000000.0, ""ebit"": 203216000000.0, ""ebitda"": 334764000000.0, ""diluted_shares_outstanding"": 31041.176470588234}","{""operating_cash_flow"": 236411000000.0, ""investing_cash_flow"": -6139000000.0, ""financing_cash_flow"": -194633000000.0, ""net_increased_decreased"": 35639000000.0, ""capital_expenditure"": 6200000000.0, ""free_cash_flow"": 242611000000.0}"
ASLI.JK,2024-03-31,1,"{""total_current_asset"": 286213646214.0, ""total_non_current_asset"": 251675737532.0, ""total_asset"": 537889383746.0, ""cash_only"": null, ""total_cash_and_due_from_banks"": null, ""cash_and_short_term_investments"": 7231783849.0, ""total_current_liabilities"": 50806418404.0, ""total_non_current_liabilities"": 10695087560.0, ""total_liabilities"": 61501505964.0, ""total_equity"": 476387877782.0, ""total_debt"": 34036960076.0, ""stockholders_equity"": 475102619833.0}","{""total_revenue"": 69792821972.0, ""cost_of_revenue"": 50506248074.0, ""gross_income"": 19286573898.0, ""operating_expense"": 13683958216.0, ""operating_income"": 32970532114.0, ""non_operating_income_or_loss"": -29361755939.0, ""pretax_income"": 3608776175.0, ""income_taxes"": -1965636719.0, ""minorities"": 4820845.0, ""net_income"": 1638318611.0, ""interest_expense_non_operating"": 1968444594.0, ""ebit"": 5577220769.0, ""ebitda"": 10869055745.0, ""diluted_shares_outstanding"": 381699941051.5548}","{""operating_cash_flow"": -43947435284.0, ""investing_cash_flow"": -80146796189.0, ""financing_cash_flow"": 116399452302.0, ""net_increased_decreased"": -7694779171.0, ""capital_expenditure"": 146796189.0, ""free_cash_flow"": -43800639095.0}"
DART.JK,2024-03-31,2,"{""total_current_asset"": 122534504000.0, ""total_non_current_asset"": 6169700607000.0, ""total_asset"": 6292235111000.0, ""cash_only"": null, ""total_cash_and_due_from_banks"": null, ""cash_and_short_term_investments"": 35768596000.0, ""total_current_liabilities"": 1067326327000.0, ""total_non_current_liabilities"": 3562456306000.0, ""total_liabilities"": 4629782633000.0, ""total_equity"": 1662452478000.0, ""total_debt"": 3481533091000.0, ""stockholders_equity"": 1662480945000.0}","{""total_revenue"": 115552660000.0, ""cost_of_revenue"": 65741190000.0, ""gross_income"": 49811470000.0, ""operating_expense"": 37676752000.0, ""operating_income"": 87488222000.0, ""non_operating_income_or_loss"": -159411375000.0, ""pretax_income"": -71923153000.0, ""income_taxes"": -4153476000.0, ""minorities"": -999000.0, ""net_income"": -76076629000.0, ""interest_expense_non_operating"": 82002087000.0, ""ebit"": 10078934000.0, ""ebitda"": 31806880000.0, ""diluted_shares_outstanding"": 3169817916.6666665}","{""operating_cash_flow"": 9966183000.0, ""investing_cash_flow"": -2371034000.0, ""financing_cash_flow"": -10598867000.0, ""net_increased_decreased"": -3003718000.0, ""capital_expenditure"": 2181466000.0, ""free_cash_flow"": 12147649000.0}"
INTA.JK,2024-03-31,1,"{""total_current_asset"": 771781000000.0, ""total_non_current_asset"": 1631421000000.0, ""total_asset"": 2403202000000.0, ""cash_only"": null, ""total_cash_and_due_from_banks"": null, ""cash_and_short_term_investments"": 90159000000.0, ""total_current_liabilities"": 773807000000.0, ""total_non_current_liabilities"": 3574895000000.0, ""total_liabilities"": 4348702000000.0, ""total_equity"": -1945500000000.0, ""total_debt"": 3656031000000.0, ""stockholders_equity"": -1738045000000.0}","{""total_revenue"": 283399000000.0, ""cost_of_revenue"": 216735000000.0, ""gross_income"": 66664000000.0, ""operating_expense"": 43063000000.0, ""operating_income"": 109727000000.0, ""non_operating_income_or_loss"": -110261000000.0, ""pretax_income"": -534000000.0, ""income_taxes"": -13839000000.0, ""minorities"": -6382000000.0, ""net_income"": -7991000000.0, ""interest_expense_non_operating"": 36663000000.0, ""ebit"": 36129000000.0, ""ebitda"": null, ""diluted_shares_outstanding"": 3995.5}","{""operating_cash_flow"": 3758000000.0, ""investing_cash_flow"": 5467000000.0, ""financing_cash_flow"": -20529000000.0, ""net_increased_decreased"": -11304000000.0, ""capital_expenditure"": 476000000.0, ""free_cash_flow"": 4234000000.0}"
KIOS.JK,2024-03-31,1,"{""total_current_asset"": 64843692189.0, ""total_non_current_asset"": 98360722449.0, ""total_asset"": 163204414638.0, ""cash_only"": null, ""total_cash_and_due_from_banks"": null, ""cash_and_short_term_investments"": 1497745756.0, ""total_current_liabilities"": 15517839701.0, ""total_non_current_liabilities"": 578160973.0, ""total_liabilities"": 16096000674.0, ""total_equity"": 147108413964.0, ""total_debt"": null, ""stockholders_equity"": 146653851743.0}","{""total_revenue"": 20132355026.0, ""cost_of_revenue"": 19479494085.0, ""gross_income"": 652860941.0, ""operating_expense"": 6479895733.0, ""operating_income"": 7132756674.0, ""non_operating_income_or_loss"": -12959411053.0, ""pretax_income"": -5826654379.0, ""income_taxes"": 1262930633.0, ""minorities"": 4803791.0, ""net_income"": -4568527537.0, ""interest_expense_non_operating"": null, ""ebit"": null, ""ebitda"": null, ""diluted_shares_outstanding"": 1074947655.764706}","{""operating_cash_flow"": 392400201.0, ""investing_cash_flow"": -15861790.0, ""financing_cash_flow"": null, ""net_increased_decreased"": 376538411.0, ""capital_expenditure"": 15861790.0, ""free_cash_flow"": 408261991.0}"
JARR.JK,2024-03-31,1,"{""total_current_asset"": 1321320053973.0, ""total_non_current_asset"": 2290080527226.0, ""total_asset"": 3611400581199.0, ""cash_only"": null, ""total_cash_and_due_from_banks"": null, ""cash_and_short_term_investments"": 192255603339.0, ""total_current_liabilities"": 311786612720.0, ""total_non_current_liabilities"": 1827911493045.0, ""total_liabilities"": 2139698105765.0, ""total_equity"": 1471702475434.0, ""total_debt"": 1907427447937.0, ""stockholders_equity"": 1471702475434.0}","{""total_revenue"": 826998281252.0, ""cost_of_revenue"": 761736722564.0, ""gross_income"": 65261558688.0, ""operating_expense"": 10787736682.0, ""operating_income"": 76049295370.0, ""non_operating_income_or_loss"": -37419859894.0, ""pretax_income"": 38629435476.0, ""income_taxes"": -8498475804.0, ""minorities"": null, ""net_income"": 30130959672.0, ""interest_expense_non_operating"": 19800071192.0, ""ebit"": 58429506668.0, ""ebitda"": 91267736480.0, ""diluted_shares_outstanding"": 9242625666.25767}","{""operating_cash_flow"": 82340572692.0, ""investing_cash_flow"": -28987906716.0, ""financing_cash_flow"": -21314670622.0, ""net_increased_decreased"": 32037995354.0, ""capital_expenditure"": 29437906716.0, ""free_cash_flow"": 111778479408.0}"
HALO.JK,2024-03-31,1,"{""total_current_asset"": 116714693481.0, ""total_non_current_asset"": 134500092230.0, ""total_asset"": 251214785711.0, ""cash_only"": null, ""total_cash_and_due_from_banks"": null, ""cash_and_short_term_investments"": 14694227010.0, ""total_current_liabilities"": 43619469105.0, ""total_non_current_liabilities"": 37556442022.0, ""total_liabilities"": 81175911127.0, ""total_equity"": 170038874584.0, ""total_debt"": 7181647715.0, ""stockholders_equity"": 170038874584.0}","{""total_revenue"": 30565422800.0, ""cost_of_revenue"": 26089725587.0, ""gross_income"": 4475697213.0, ""operating_expense"": 3947131680.0, ""operating_income"": 8422828893.0, ""non_operating_income_or_loss"": -7906214171.0, ""pretax_income"": 516614722.0, ""income_taxes"": -158341480.0, ""minorities"": null, ""net_income"": 358273242.0, ""interest_expense_non_operating"": null, ""ebit"": null, ""ebitda"": null, ""diluted_shares_outstanding"": 5971220700.0}","{""operating_cash_flow"": 18167288300.0, ""investing_cash_flow"": -318696171.0, ""financing_cash_flow"": -9699344747.0, ""net_increased_decreased"": 8149247382.0, ""capital_expenditure"": 318696171.0, ""free_cash_flow"": 18485984471.0}"
KOKA.JK,2024-03-31,3,"{""total_current_asset"": 132793522957.0, ""total_non_current_asset"": 68574378438.0, ""total_asset"": 201367901395.0, ""cash_only"": null, ""total_cash_and_due_from_banks"": null, ""cash_and_short_term_investments"": 12671403313.0, ""total_current_liabilities"": 28572081545.0, ""total_non_current_liabilities"": 564429933.0, ""total_liabilities"": 29136511478.0, ""total_equity"": 172231389917.0, ""total_debt"": 2147663503.0, ""stockholders_equity"": 172231389917.0}","{""total_revenue"": 21289752444.0, ""cost_of_revenue"": 15699047744.0, ""gross_income"": 5590704700.0, ""operating_expense"": 4036623645.0, ""operating_income"": 9627328345.0, ""non_operating_income_or_loss"": -8138642979.0, ""pretax_income"": 1488685366.0, ""income_taxes"": -526234477.0, ""minorities"": null, ""net_income"": 962450889.0, ""interest_expense_non_operating"": null, ""ebit"": null, ""ebitda"": null, ""diluted_shares_outstanding"": 2830737908.8235292}","{""operating_cash_flow"": -16172948722.0, ""investing_cash_flow"": -984403859.0, ""financing_cash_flow"": 1059346019.0, ""net_increased_decreased"": -16098006562.0, ""capital_expenditure"": 984403859.0, ""free_cash_flow"": -15188544863.0}"
ERAL.JK,2024-03-31,1,"{""total_current_asset"": 1564661323862.0, ""total_non_current_asset"": 498593311343.0, ""total_asset"": 2063254635205.0, ""cash_only"": null, ""total_cash_and_due_from_banks"": null, ""cash_and_short_term_investments"": 320236958433.0, ""total_current_liabilities"": 463436531923.0, ""total_non_current_liabilities"": 94084840959.0, ""total_liabilities"": 557521372882.0, ""total_equity"": 1505733262323.0, ""total_debt"": 112141047087.0, ""stockholders_equity"": 1504945248549.0}","{""total_revenue"": 1091783820367.0, ""cost_of_revenue"": 955232728175.0, ""gross_income"": 136551092192.0, ""operating_expense"": 98978229115.0, ""operating_income"": 235529321307.0, ""non_operating_income_or_loss"": -183901096347.0, ""pretax_income"": 51628224960.0, ""income_taxes"": -11018658420.0, ""minorities"": -669258.0, ""net_income"": 40610235798.0, ""interest_expense_non_operating"": 2191422057.0, ""ebit"": 53819647017.0, ""ebitda"": null, ""diluted_shares_outstanding"": 5186492439.08046}","{""operating_cash_flow"": -148123115612.0, ""investing_cash_flow"": -12874744413.0, ""financing_cash_flow"": -11996901461.0, ""net_increased_decreased"": -172994761486.0, ""capital_expenditure"": 11856677608.0, ""free_cash_flow"": -136266438004.0}"
HRME.JK,2024-03-31,1,"{""total_current_asset"": 24396991122.0, ""total_non_current_asset"": 893099283993.0, ""total_asset"": 917496275115.0, ""cash_only"": null, ""total_cash_and_due_from_banks"": null, ""cash_and_short_term_investments"": 15228299518.0, ""total_current_liabilities"": 34434667446.0, ""total_non_current_liabilities"": 245128035725.0, ""total_liabilities"": 279562703171.0, ""total_equity"": 637933571944.0, ""total_debt"": 239508219176.0, ""stockholders_equity"": 637931264211.0}","{""total_revenue"": 26225115055.0, ""cost_of_revenue"": 10465055102.0, ""gross_income"": 15760059953.0, ""operating_expense"": 13284191504.0, ""operating_income"": 29044251457.0, ""non_operating_income_or_loss"": -31729196468.0, ""pretax_income"": -2684945011.0, ""income_taxes"": -255550391.0, ""minorities"": 10437.0, ""net_income"": -2940505839.0, ""interest_expense_non_operating"": 3527042277.0, ""ebit"": 842097266.0, ""ebitda"": null, ""diluted_shares_outstanding"": 6001032324.489796}","{""operating_cash_flow"": 545870032.0, ""investing_cash_flow"": -612261066.0, ""financing_cash_flow"": -416268134.0, ""net_increased_decreased"": -482659168.0, ""capital_expenditure"": 612261066.0, ""free_cash_flow"": 1158131098.0}"
BAIK.JK,2024-03-31,1,"{""total_current_asset"": 106281517152.0, ""total_non_current_asset"": 30549079972.0, ""total_asset"": 136830597124.0, ""cash_only"": null, ""total_cash_and_due_from_banks"": null, ""cash_and_short_term_investments"": 24606830915.0, ""total_current_liabilities"": 10741798890.0, ""total_non_current_liabilities"": 429171917.0, ""total_liabilities"": 11170970807.0, ""total_equity"": 125659626317.0, ""total_debt"": 261733047.0, ""stockholders_equity"": 124998999806.0}","{""total_revenue"": 41840827542.0, ""cost_of_revenue"": 32022274846.0, ""gross_income"": 9818552696.0, ""operating_expense"": 5981611139.0, ""operating_income"": 15800163835.0, ""non_operating_income_or_loss"": -11989392941.0, ""pretax_income"": 3810770894.0, ""income_taxes"": null, ""minorities"": -106183644.0, ""net_income"": 3916954538.0, ""interest_expense_non_operating"": 29741800.0, ""ebit"": 3840512694.0, ""ebitda"": 4090312676.0, ""diluted_shares_outstanding"": 1155443816.519174}","{""operating_cash_flow"": -37344249608.0, ""investing_cash_flow"": -4118797887.0, ""financing_cash_flow"": 62526518932.0, ""net_increased_decreased"": 21063471437.0, ""capital_expenditure"": 4118797887.0, ""free_cash_flow"": -33225451721.0}"
KOBX.JK,2024-03-31,1,"{""total_current_asset"": 2423022812101.0, ""total_non_current_asset"": 1128625586941.0, ""total_asset"": 3551648399042.0, ""cash_only"": null, ""total_cash_and_due_from_banks"": null, ""cash_and_short_term_investments"": 58626806420.0, ""total_current_liabilities"": 2729285747954.0, ""total_non_current_liabilities"": 380710103605.0, ""total_liabilities"": 3109995851559.0, ""total_equity"": 441652547483.0, ""total_debt"": 1545456727240.0, ""stockholders_equity"": 439152337466.0}","{""total_revenue"": 531936305305.0, ""cost_of_revenue"": 430824307458.0, ""gross_income"": 101111997847.0, ""operating_expense"": 67281701230.0, ""operating_income"": 168393699077.0, ""non_operating_income_or_loss"": -206115170586.0, ""pretax_income"": -37721471509.0, ""income_taxes"": -3955601019.0, ""minorities"": 229660506.0, ""net_income"": -41906733034.0, ""interest_expense_non_operating"": 48754094424.0, ""ebit"": 11032622915.0, ""ebitda"": null, ""diluted_shares_outstanding"": 2272500000.0}","{""operating_cash_flow"": 266722504152.0, ""investing_cash_flow"": -1935568871.0, ""financing_cash_flow"": -320396312241.0, ""net_increased_decreased"": -55609376960.0, ""capital_expenditure"": 4578870244.0, ""free_cash_flow"": 271301374396.0}"
MERK.JK,2024-03-31,1,"{""total_current_asset"": 829536055000.0, ""total_non_current_asset"": 237799924000.0, ""total_asset"": 1067335979000.0, ""cash_only"": null, ""total_cash_and_due_from_banks"": null, ""cash_and_short_term_investments"": 200589990000.0, ""total_current_liabilities"": 206329911000.0, ""total_non_current_liabilities"": 41472722000.0, ""total_liabilities"": 247802633000.0, ""total_equity"": 819533346000.0, ""total_debt"": null, ""stockholders_equity"": 819533346000.0}","{""total_revenue"": 249496112000.0, ""cost_of_revenue"": 174709596000.0, ""gross_income"": 74786516000.0, ""operating_expense"": 47092976000.0, ""operating_income"": 121879492000.0, ""non_operating_income_or_loss"": -90731956000.0, ""pretax_income"": 31147536000.0, ""income_taxes"": -7492983000.0, ""minorities"": 0.0, ""net_income"": 23654553000.0, ""interest_expense_non_operating"": 95219000.0, ""ebit"": 31242755000.0, ""ebitda"": null, ""diluted_shares_outstanding"": 446312.320754717}","{""operating_cash_flow"": 5863377000.0, ""investing_cash_flow"": -949482000.0, ""financing_cash_flow"": -5760730000.0, ""net_increased_decreased"": -846835000.0, ""capital_expenditure"": 949482000.0, ""free_cash_flow"": 6812859000.0}"
MFIN.JK,2024-03-31,4,"{""gross_loan"": null, ""allowance_for_loans"": null, ""net_loan"": null, ""non_loan_asset"": null, ""total_asset"": 6482687000000.0, ""total_earning_assets"": null, ""cash_only"": 61837000000.0, ""total_cash_and_due_from_banks"": 382037000000.0, ""current_account"": null, ""savings_account"": null, ""time_deposit"": null, ""total_deposit"": null, ""other_interest_bearing_liabilities"": null, ""non_interest_bearing_liabilities"": null, ""total_liabilities"": 2994823000000.0, ""total_equity"": 3487864000000.0, ""total_debt"": null, ""stockholders_equity"": 3487864000000.0, ""non_loan_assets"": null}","{""interest_income"": 13492000000.0, ""interest_expense"": 65893000000.0, ""net_interest_income"": 79385000000.0, ""premium_income"": null, ""premium_expense"": null, ""net_premium_income"": null, ""non_interest_income"": null, ""total_revenue"": null, ""operating_income"": null, ""operating_expense"": null, ""provision"": 87154000000.0, ""non_operating_income_or_loss"": null, ""pretax_income"": 113894000000.0, ""income_taxes"": -22460000000.0, ""minorities"": null, ""net_income"": 91434000000.0, ""diluted_shares_outstanding"": 2612.4, ""ebitda"": null}","{""high_quality_liquid_asset"": null, ""cash_outflow"": null, ""cash_inflow"": null, ""net_cash_flow"": null, ""operating_cash_flow"": -107519000000.0, ""investing_cash_flow"": -38791000000.0, ""financing_cash_flow"": -314816000000.0, ""net_increased_decreased"": -461126000000.0, ""realized_capital_goods_investment"": null, ""free_cash_flow"": null, ""total_high_quality_liquid_asset"": null}"
MDIA.JK,2024-03-31,1,"{""total_current_asset"": 7128200047000.0, ""total_non_current_asset"": 866564001000.0, ""total_asset"": 7994764048000.0, ""cash_only"": null, ""total_cash_and_due_from_banks"": null, ""cash_and_short_term_investments"": 10184264000.0, ""total_current_liabilities"": 6038377161000.0, ""total_non_current_liabilities"": 96548456000.0, ""total_liabilities"": 6134925617000.0, ""total_equity"": 1859838431000.0, ""total_debt"": 1798147606000.0, ""stockholders_equity"": 1842094464000.0}","{""total_revenue"": 173199428000.0, ""cost_of_revenue"": 75274815000.0, ""gross_income"": 97924613000.0, ""operating_expense"": 74408607000.0, ""operating_income"": 172333220000.0, ""non_operating_income_or_loss"": -239725287000.0, ""pretax_income"": -67392067000.0, ""income_taxes"": -3449122000.0, ""minorities"": -36959000.0, ""net_income"": -70804230000.0, ""interest_expense_non_operating"": null, ""ebit"": null, ""ebitda"": null, ""diluted_shares_outstanding"": 39215538.4}","{""operating_cash_flow"": -317480000.0, ""investing_cash_flow"": 1312488000.0, ""financing_cash_flow"": -151996000.0, ""net_increased_decreased"": 843012000.0, ""capital_expenditure"": -887488000.0, ""free_cash_flow"": -1204968000.0}"
BMRI.JK,2024-03-31,4,"{""gross_loan"": 1393927895000000.0, ""allowance_for_loans"": 52182858000000.0, ""net_loan"": 1446110753000000.0, ""non_loan_asset"": null, ""total_asset"": 2163785243000000.0, ""total_earning_assets"": null, ""cash_only"": 26919539000000.0, ""total_cash_and_due_from_banks"": 74147046000000.0, ""current_account"": 527479575000000.0, ""savings_account"": 529683157000000.0, ""time_deposit"": 287069640000000.0, ""total_deposit"": 1344232372000000.0, ""other_interest_bearing_liabilities"": null, ""non_interest_bearing_liabilities"": null, ""total_liabilities"": 1666762998000000.0, ""total_equity"": 268786509000000.0, ""total_debt"": null, ""stockholders_equity"": 240686777000000.0, ""non_loan_assets"": 717674490000000.0}","{""interest_income"": 35535295000000.0, ""interest_expense"": 11349428000000.0, ""net_interest_income"": 46884723000000.0, ""premium_income"": 3315987000000.0, ""premium_expense"": 2773006000000.0, ""net_premium_income"": 6088993000000.0, ""non_interest_income"": null, ""total_revenue"": null, ""operating_income"": 17605258000000.0, ""operating_expense"": null, ""provision"": 3725795000000.0, ""non_operating_income_or_loss"": -2651000000.0, ""pretax_income"": 17602607000000.0, ""income_taxes"": -3481158000000.0, ""minorities"": 1419271000000.0, ""net_income"": 15540720000000.0, ""diluted_shares_outstanding"": 93336.60077889632, ""ebitda"": null}","{""high_quality_liquid_asset"": null, ""cash_outflow"": null, ""cash_inflow"": null, ""net_cash_flow"": null, ""operating_cash_flow"": -8504759000000.0, ""investing_cash_flow"": 9589158000000.0, ""financing_cash_flow"": -34025875000000.0, ""net_increased_decreased"": -32941476000000.0, ""realized_capital_goods_investment"": null, ""free_cash_flow"": null, ""total_high_quality_liquid_asset"": null}"
ACRO.JK,2024-03-31,1,"{""total_current_asset"": 74828893671.0, ""total_non_current_asset"": 82727713091.0, ""total_asset"": 157556606762.0, ""cash_only"": null, ""total_cash_and_due_from_banks"": null, ""cash_and_short_term_investments"": 44163633887.0, ""total_current_liabilities"": 23753468622.0, ""total_non_current_liabilities"": 2514748636.0, ""total_liabilities"": 26268217258.0, ""total_equity"": 131288389504.0, ""total_debt"": 20754325000.0, ""stockholders_equity"": 131288389504.0}","{""total_revenue"": 13168704267.0, ""cost_of_revenue"": 7153361175.0, ""gross_income"": 6015343092.0, ""operating_expense"": 1101107489.0, ""operating_income"": 7116450581.0, ""non_operating_income_or_loss"": -3572821946.0, ""pretax_income"": 3543628635.0, ""income_taxes"": -750988244.0, ""minorities"": null, ""net_income"": 2792640391.0, ""interest_expense_non_operating"": 445798600.0, ""ebit"": 3989427235.0, ""ebitda"": 4272356957.0, ""diluted_shares_outstanding"": 2471363177.8761063}","{""operating_cash_flow"": -11235673558.0, ""investing_cash_flow"": -104467218.0, ""financing_cash_flow"": 53252650047.0, ""net_increased_decreased"": 41912509271.0, ""capital_expenditure"": 104467218.0, ""free_cash_flow"": -11131206340.0}"
GEMS.JK,2024-03-31,1,"{""total_current_asset"": 885613582.0, ""total_non_current_asset"": 469732159.0, ""total_asset"": 1355345741.0, ""cash_only"": null, ""total_cash_and_due_from_banks"": null, ""cash_and_short_term_investments"": 350878920.0, ""total_current_liabilities"": 446643484.0, ""total_non_current_liabilities"": 71198388.0, ""total_liabilities"": 517841872.0, ""total_equity"": 837503869.0, ""total_debt"": 158618090.0, ""stockholders_equity"": 825756966.0}","{""total_revenue"": 715641070.0, ""cost_of_revenue"": 378293895.0, ""gross_income"": 337347175.0, ""operating_expense"": 111352084.0, ""operating_income"": 448699259.0, ""non_operating_income_or_loss"": -222195144.0, ""pretax_income"": 226504115.0, ""income_taxes"": -51370682.0, ""minorities"": 3415066.0, ""net_income"": 171718367.0, ""interest_expense_non_operating"": 3357641.0, ""ebit"": 229861756.0, ""ebitda"": 230381058.0, ""diluted_shares_outstanding"": 5921323000.0}","{""operating_cash_flow"": 138840970.0, ""investing_cash_flow"": -9638104.0, ""financing_cash_flow"": -94277296.0, ""net_increased_decreased"": 34925570.0, ""capital_expenditure"": 3225382.0, ""free_cash_flow"": 142066352.0}"
BUKA.JK,2024-03-31,1,"{""total_current_asset"": 16632605890000.0, ""total_non_current_asset"": 9343156244000.0, ""total_asset"": 25975762134000.0, ""cash_only"": null, ""total_cash_and_due_from_banks"": null, ""cash_and_short_term_investments"": 11752490333000.0, ""total_current_liabilities"": 623196545000.0, ""total_non_current_liabilities"": 79665192000.0, ""total_liabilities"": 702861737000.0, ""total_equity"": 25272900397000.0, ""total_debt"": 35876750000.0, ""stockholders_equity"": 25260009499000.0}","{""total_revenue"": 1168786520000.0, ""cost_of_revenue"": null, ""gross_income"": null, ""operating_expense"": null, ""operating_income"": null, ""non_operating_income_or_loss"": null, ""pretax_income"": -33599359000.0, ""income_taxes"": -5768363000.0, ""minorities"": 2599268000.0, ""net_income"": -41966990000.0, ""interest_expense_non_operating"": 1053665000.0, ""ebit"": -32545694000.0, ""ebitda"": null, ""diluted_shares_outstanding"": 102358512.19512194}","{""operating_cash_flow"": 2213329000.0, ""investing_cash_flow"": -3483658444000.0, ""financing_cash_flow"": -4316231000.0, ""net_increased_decreased"": -3485761346000.0, ""capital_expenditure"": 129086214000.0, ""free_cash_flow"": 131299543000.0}"
ASHA.JK,2024-03-31,1,"{""total_current_asset"": 92978903755.0, ""total_non_current_asset"": 108485763983.0, ""total_asset"": 201464667738.0, ""cash_only"": null, ""total_cash_and_due_from_banks"": null, ""cash_and_short_term_investments"": 1892366156.0, ""total_current_liabilities"": 31383726966.0, ""total_non_current_liabilities"": 10956458545.0, ""total_liabilities"": 42340185511.0, ""total_equity"": 159124482227.0, ""total_debt"": 10754063661.0, ""stockholders_equity"": 159124482227.0}","{""total_revenue"": 54284598171.0, ""cost_of_revenue"": 47061762741.0, ""gross_income"": 7222835430.0, ""operating_expense"": 7774738996.0, ""operating_income"": 14997574426.0, ""non_operating_income_or_loss"": -14816525829.0, ""pretax_income"": 181048597.0, ""income_taxes"": -162078620.0, ""minorities"": null, ""net_income"": 18969977.0, ""interest_expense_non_operating"": 216369686.0, ""ebit"": 397418283.0, ""ebitda"": null, ""diluted_shares_outstanding"": 4742494250.0}","{""operating_cash_flow"": -124155494.0, ""investing_cash_flow"": -14861860.0, ""financing_cash_flow"": 800270799.0, ""net_increased_decreased"": 661253445.0, ""capital_expenditure"": 14861860.0, ""free_cash_flow"": -109293634.0}"
SMAR.JK,2024-03-31,1,"{""total_current_asset"": 18696116000000.0, ""total_non_current_asset"": 20025620000000.0, ""total_asset"": 38721736000000.0, ""cash_only"": null, ""total_cash_and_due_from_banks"": null, ""cash_and_short_term_investments"": 903786000000.0, ""total_current_liabilities"": 9843371000000.0, ""total_non_current_liabilities"": 9580082000000.0, ""total_liabilities"": 19423453000000.0, ""total_equity"": 19298283000000.0, ""total_debt"": 14976730000000.0, ""stockholders_equity"": 19284948000000.0}","{""total_revenue"": 17882988000000.0, ""cost_of_revenue"": 16166530000000.0, ""gross_income"": 1716458000000.0, ""operating_expense"": 1353436000000.0, ""operating_income"": 3069894000000.0, ""non_operating_income_or_loss"": -2862467000000.0, ""pretax_income"": 207427000000.0, ""income_taxes"": -29556000000.0, ""minorities"": 2000000.0, ""net_income"": 177869000000.0, ""interest_expense_non_operating"": 297018000000.0, ""ebit"": 504445000000.0, ""ebitda"": 661210000000.0, ""diluted_shares_outstanding"": 2868854838.709677}","{""operating_cash_flow"": 949783000000.0, ""investing_cash_flow"": -482759000000.0, ""financing_cash_flow"": -1214108000000.0, ""net_increased_decreased"": -747084000000.0, ""capital_expenditure"": 474197000000.0, ""free_cash_flow"": 1423980000000.0}"
MDLN.JK,2024-03-31,2,"{""total_current_asset"": 2841497038967.0, ""total_non_current_asset"": 10875645754011.0, ""total_asset"": 13717142792978.0, ""cash_only"": null, ""total_cash_and_due_from_banks"": null, ""cash_and_short_term_investments"": 136372947750.0, ""total_current_liabilities"": 3380412829904.0, ""total_non_current_liabilities"": 6479064216143.0, ""total_liabilities"": 9859477046047.0, ""total_equity"": 3857665746931.0, ""total_debt"": 6586009480491.0, ""stockholders_equity"": 3858173573330.0}","{""total_revenue"": 182151293544.0, ""cost_of_revenue"": 102569091275.0, ""gross_income"": 79582202269.0, ""operating_expense"": 115177427194.0, ""operating_income"": 194759629463.0, ""non_operating_income_or_loss"": -458758697864.0, ""pretax_income"": -263999068401.0, ""income_taxes"": -6206189278.0, ""minorities"": -142149036.0, ""net_income"": -270205257679.0, ""interest_expense_non_operating"": 77921782838.0, ""ebit"": -186077285563.0, ""ebitda"": null, ""diluted_shares_outstanding"": 12365526952.518314}","{""operating_cash_flow"": -38829941286.0, ""investing_cash_flow"": -59069415435.0, ""financing_cash_flow"": 48893364664.0, ""net_increased_decreased"": -49005992057.0, ""capital_expenditure"": 6741741813.0, ""free_cash_flow"": -32088199473.0}"
ADMR.JK,2024-03-31,1,"{""total_current_asset"": 892405040.0, ""total_non_current_asset"": 889946337.0, ""total_asset"": 1782351377.0, ""cash_only"": null, ""total_cash_and_due_from_banks"": null, ""cash_and_short_term_investments"": 620308138.0, ""total_current_liabilities"": 201301009.0, ""total_non_current_liabilities"": 428229109.0, ""total_liabilities"": 629530118.0, ""total_equity"": 1152821259.0, ""total_debt"": 101231790.0, ""stockholders_equity"": 1091513102.0}","{""total_revenue"": 274535673.0, ""cost_of_revenue"": 117473633.0, ""gross_income"": 157062040.0, ""operating_expense"": 11282078.0, ""operating_income"": 168344118.0, ""non_operating_income_or_loss"": -21029682.0, ""pretax_income"": 147314436.0, ""income_taxes"": -31677400.0, ""minorities"": -409841.0, ""net_income"": 116046877.0, ""interest_expense_non_operating"": 6944659.0, ""ebit"": 154259095.0, ""ebitda"": 160042448.0, ""diluted_shares_outstanding"": 41445313214.28571}","{""operating_cash_flow"": 139724737.0, ""investing_cash_flow"": -77097712.0, ""financing_cash_flow"": -29579546.0, ""net_increased_decreased"": 33047479.0, ""capital_expenditure"": 77097712.0, ""free_cash_flow"": 216822449.0}"
ROCK.JK,2024-03-31,2,"{""total_current_asset"": 31863072078.0, ""total_non_current_asset"": 939365040295.0, ""total_asset"": 971228112373.0, ""cash_only"": null, ""total_cash_and_due_from_banks"": null, ""cash_and_short_term_investments"": 15216534439.0, ""total_current_liabilities"": 47230312794.0, ""total_non_current_liabilities"": 121176688767.0, ""total_liabilities"": 168407001561.0, ""total_equity"": 802821110812.0, ""total_debt"": 40240000000.0, ""stockholders_equity"": 802906796285.0}","{""total_revenue"": 30735846153.0, ""cost_of_revenue"": null, ""gross_income"": null, ""operating_expense"": null, ""operating_income"": null, ""non_operating_income_or_loss"": null, ""pretax_income"": 13347605504.0, ""income_taxes"": -2630593427.0, ""minorities"": 20870.0, ""net_income"": 10717012077.0, ""interest_expense_non_operating"": 787449830.0, ""ebit"": 14135055334.0, ""ebitda"": null, ""diluted_shares_outstanding"": 1434670844.3105757}","{""operating_cash_flow"": 12744254551.0, ""investing_cash_flow"": -243635135.0, ""financing_cash_flow"": -18239357083.0, ""net_increased_decreased"": -5738737667.0, ""capital_expenditure"": 243635135.0, ""free_cash_flow"": 12987889686.0}"
ICBP.JK,2024-03-31,1,"{""total_current_asset"": 41289519000000.0, ""total_non_current_asset"": 82306845000000.0, ""total_asset"": 123596364000000.0, ""cash_only"": null, ""total_cash_and_due_from_banks"": null, ""cash_and_short_term_investments"": 22743959000000.0, ""total_current_liabilities"": 11224464000000.0, ""total_non_current_liabilities"": 47793244000000.0, ""total_liabilities"": 59017708000000.0, ""total_equity"": 64578656000000.0, ""total_debt"": 44832826000000.0, ""stockholders_equity"": 43086665000000.0}","{""total_revenue"": 19921905000000.0, ""cost_of_revenue"": 12320546000000.0, ""gross_income"": 7601359000000.0, ""operating_expense"": 2799523000000.0, ""operating_income"": 10400882000000.0, ""non_operating_income_or_loss"": -7002160000000.0, ""pretax_income"": 3398722000000.0, ""income_taxes"": -674797000000.0, ""minorities"": 371851000000.0, ""net_income"": 2352074000000.0, ""interest_expense_non_operating"": 1702533000000.0, ""ebit"": 5101255000000.0, ""ebitda"": null, ""diluted_shares_outstanding"": 11643.930693069307}","{""operating_cash_flow"": 1584108000000.0, ""investing_cash_flow"": -312239000000.0, ""financing_cash_flow"": -436197000000.0, ""net_increased_decreased"": 835672000000.0, ""capital_expenditure"": 320723000000.0, ""free_cash_flow"": 1904831000000.0}"
TNCA.JK,2024-03-31,1,"{""total_current_asset"": 23681554270.0, ""total_non_current_asset"": 29803836482.0, ""total_asset"": 53485390752.0, ""cash_only"": null, ""total_cash_and_due_from_banks"": null, ""cash_and_short_term_investments"": 2558366792.0, ""total_current_liabilities"": 7754771900.0, ""total_non_current_liabilities"": 1162969939.0, ""total_liabilities"": 8917741839.0, ""total_equity"": 44567648913.0, ""total_debt"": 1175035036.0, ""stockholders_equity"": 44570062564.0}","{""total_revenue"": 16697853905.0, ""cost_of_revenue"": 11654285901.0, ""gross_income"": 5043568004.0, ""operating_expense"": 3676437254.0, ""operating_income"": 8720005258.0, ""non_operating_income_or_loss"": -7446618817.0, ""pretax_income"": 1273386441.0, ""income_taxes"": -211888593.0, ""minorities"": 857433.0, ""net_income"": 1060640415.0, ""interest_expense_non_operating"": 31741688.0, ""ebit"": 1305128129.0, ""ebitda"": null, ""diluted_shares_outstanding"": 420889053.5714286}","{""operating_cash_flow"": -499150537.0, ""investing_cash_flow"": null, ""financing_cash_flow"": -124528200.0, ""net_increased_decreased"": -623678737.0, ""capital_expenditure"": null, ""free_cash_flow"": null}"
MREI.JK,2024-03-31,6,"{""total_current_asset"": null, ""total_non_current_asset"": null, ""total_asset"": 4864799299034.0, ""cash_only"": 16771386766.0, ""total_cash_and_due_from_banks"": null, ""cash_and_short_term_investments"": null, ""total_current_liabilities"": null, ""total_non_current_liabilities"": null, ""total_liabilities"": 3385595204997.0, ""total_equity"": 1474388085713.0, ""total_debt"": null, ""stockholders_equity"": 1474388085713.0}","{""total_revenue"": 712527410960.0, ""cost_of_revenue"": null, ""gross_income"": null, ""operating_expense"": null, ""operating_income"": 34873138607.0, ""non_operating_income_or_loss"": null, ""pretax_income"": 20631968928.0, ""income_taxes"": 14241169679.0, ""minorities"": null, ""net_income"": 34873138607.0, ""interest_expense_non_operating"": null, ""ebit"": null, ""ebitda"": null, ""diluted_shares_outstanding"": 517791681.0}","{""operating_cash_flow"": -8284152807.0, ""investing_cash_flow"": 16289828120.0, ""financing_cash_flow"": null, ""net_increased_decreased"": 8005675313.0, ""capital_expenditure"": 74378940.0, ""free_cash_flow"": -8209773867.0}"
INDX.JK,2024-03-31,1,"{""total_current_asset"": 3707499092.0, ""total_non_current_asset"": 47305820487.0, ""total_asset"": 51013319579.0, ""cash_only"": null, ""total_cash_and_due_from_banks"": null, ""cash_and_short_term_investments"": 2972496063.0, ""total_current_liabilities"": 7802381985.0, ""total_non_current_liabilities"": 9055880565.0, ""total_liabilities"": 16858262550.0, ""total_equity"": 34155057029.0, ""total_debt"": 8334359727.0, ""stockholders_equity"": 34150293678.0}","{""total_revenue"": 82258821.0, ""cost_of_revenue"": 518302467.0, ""gross_income"": -436043646.0, ""operating_expense"": 3093819431.0, ""operating_income"": 2657775785.0, ""non_operating_income_or_loss"": -6176480667.0, ""pretax_income"": -3518704882.0, ""income_taxes"": null, ""minorities"": 1744.0, ""net_income"": -3518706626.0, ""interest_expense_non_operating"": null, ""ebit"": null, ""ebitda"": null, ""diluted_shares_outstanding"": 437650077.86069655}","{""operating_cash_flow"": -3238092216.0, ""investing_cash_flow"": null, ""financing_cash_flow"": 2350576665.0, ""net_increased_decreased"": -887515551.0, ""capital_expenditure"": null, ""free_cash_flow"": null}"
APEX.JK,2024-03-31,1,"{""total_current_asset"": 79608408.0, ""total_non_current_asset"": 180038605.0, ""total_asset"": 259647013.0, ""cash_only"": null, ""total_cash_and_due_from_banks"": null, ""cash_and_short_term_investments"": 7494890.0, ""total_current_liabilities"": 17609973.0, ""total_non_current_liabilities"": 175325321.0, ""total_liabilities"": 192935294.0, ""total_equity"": 66711719.0, ""total_debt"": 129900739.0, ""stockholders_equity"": 66711719.0}","{""total_revenue"": 23786450.0, ""cost_of_revenue"": null, ""gross_income"": 23786450.0, ""operating_expense"": 20160807.0, ""operating_income"": 43947257.0, ""non_operating_income_or_loss"": -41704156.0, ""pretax_income"": 2243101.0, ""income_taxes"": -538576.0, ""minorities"": null, ""net_income"": 1704525.0, ""interest_expense_non_operating"": 1077208.0, ""ebit"": 3320309.0, ""ebitda"": null, ""diluted_shares_outstanding"": 2840875000.0000005}","{""operating_cash_flow"": 2705742.0, ""investing_cash_flow"": -2641292.0, ""financing_cash_flow"": -1182561.0, ""net_increased_decreased"": -1118111.0, ""capital_expenditure"": 2656205.0, ""free_cash_flow"": 5361947.0}"
GMTD.JK,2024-03-31,2,"{""total_current_asset"": 599927876420.0, ""total_non_current_asset"": 566581690787.0, ""total_asset"": 1166509567207.0, ""cash_only"": null, ""total_cash_and_due_from_banks"": null, ""cash_and_short_term_investments"": 18313851633.0, ""total_current_liabilities"": 260400342629.0, ""total_non_current_liabilities"": 89634297096.0, ""total_liabilities"": 350034639725.0, ""total_equity"": 816474927482.0, ""total_debt"": null, ""stockholders_equity"": 816474928839.0}","{""total_revenue"": 220565495934.0, ""cost_of_revenue"": 80873179153.0, ""gross_income"": 139692316781.0, ""operating_expense"": 15416442701.0, ""operating_income"": 155108759482.0, ""non_operating_income_or_loss"": -34996745481.0, ""pretax_income"": 120112014001.0, ""income_taxes"": -27024476.0, ""minorities"": -1.0, ""net_income"": 120084989525.0, ""interest_expense_non_operating"": 5383146201.0, ""ebit"": 125495160202.0, ""ebitda"": null, ""diluted_shares_outstanding"": 1015346153.0903864}","{""operating_cash_flow"": 6335306938.0, ""investing_cash_flow"": -890904371.0, ""financing_cash_flow"": null, ""net_increased_decreased"": 5444402567.0, ""capital_expenditure"": 890904371.0, ""free_cash_flow"": 7226211309.0}"
GGRM.JK,2024-03-31,1,"{""total_current_asset"": 54970982000000.0, ""total_non_current_asset"": 38299196000000.0, ""total_asset"": 93270178000000.0, ""cash_only"": null, ""total_cash_and_due_from_banks"": null, ""cash_and_short_term_investments"": 4466011000000.0, ""total_current_liabilities"": 29674163000000.0, ""total_non_current_liabilities"": 2137599000000.0, ""total_liabilities"": 31811762000000.0, ""total_equity"": 61458416000000.0, ""total_debt"": 12552867000000.0, ""stockholders_equity"": 61458344000000.0}","{""total_revenue"": 26264938000000.0, ""cost_of_revenue"": 23472554000000.0, ""gross_income"": 2792384000000.0, ""operating_expense"": 1870107000000.0, ""operating_income"": 4662491000000.0, ""non_operating_income_or_loss"": -3871244000000.0, ""pretax_income"": 791247000000.0, ""income_taxes"": -195674000000.0, ""minorities"": 1000000.0, ""net_income"": 595572000000.0, ""interest_expense_non_operating"": 190658000000.0, ""ebit"": 981905000000.0, ""ebitda"": null, ""diluted_shares_outstanding"": 1921.2}","{""operating_cash_flow"": 2081198000000.0, ""investing_cash_flow"": -1038476000000.0, ""financing_cash_flow"": -200000000000.0, ""net_increased_decreased"": 842722000000.0, ""capital_expenditure"": 1046986000000.0, ""free_cash_flow"": 3128184000000.0}"
